id,bid,user_id,用户昵称,微博正文,头条文章url,发布位置,艾特用户,话题,转发数,评论数,点赞数,发布时间,发布工具,微博图片url,微博视频url,retweet_id,ip,user_authentication
3.92038E+15,D8yflk9uW,1772259910,贰狗狗TDD,我叫白云我叫黑土,,海北·皇城蒙古族乡,,,0,2,2,2015/12/15 18:32,iPhone 5s,"https://ww2.sinaimg.cn/large/69a28a46jw1ez0itmoxduj20hs0hsq4s.jpg,https://ww2.sinaimg.cn/large/69a28a46jw1ez0itsblbej20hs0hsgnm.jpg,https://ww4.sinaimg.cn/large/69a28a46jw1ez0ity31qqj20hs0hstax.jpg",,,,黄V
4.08063E+15,ExPtnnT2a,5868389944,好東西聚樂部,#白云夫夫#少爷与白一为了生计在石立口做起了生意@王炳翔@易大千,,,"王炳翔,易大千",白云夫夫,2,31,41,2017/3/1 23:05,iPhone 6,https://wx4.sinaimg.cn/large/006p9aiIly1fd7ql0ko0hj30ku0kute3.jpg,,,,
4.08063E+15,ExPAuDpu9,1582731330,爱追剧的小腐,哈哈哈我叫白云我叫黑土,,,,,1,0,41,2017/3/1 23:23,美妞de魅族PRO 5,,,4.08063E+15,,红V
4.20959E+15,G41pxl5mN,1595679024,Coccxy,//@米晒哦姚CF-Z:？？？//@_车马很慢Icon:恍恍惚惚哈哈哈//@杨家东青:卧槽哈哈哈哈哈哈//@不是耳机:哈哈哈哈哈哈哈//@止于长白:哈哈哈哈哈哈//@小羚羊icon://@乌梅blackberry:我笑晕了//@书墨已成舟:哈哈哈哈哈哈哈哈我叫白云我叫黑土我71我75//@刚老师的掩人耳目:果然是在回顾历年春晚,,,"米晒哦姚CF-Z,_车马很慢Icon,杨家东青,不是耳机,止于长白,小羚羊icon,乌梅blackberry,书墨已成舟,刚老师的掩人耳目",,1,0,0,2018/2/20 19:48,iPhone 8 Plus,,,,,普通用户
4.29114E+15,GCf5A543A,3024331414,國老1947資深老油條,**備忘複製:*..{小視頻}..*(10.3.周三.國慶節假期.)(微信{審查})*...*@國老1947二窗口@國老1947三窗口@國老1947紫霞雲閣@國老1947五窗口@國老1947资深老油条@國老1947新七窗口@國老1947八窗口*.....*{}::八圈N{83}::七圈O{76}::二圈L{73}::五圈M{71}::三圈Q{66}::四上線核對[互粉]S組{休息}{100}::六圈{6*4休息}::{四全體}::{六全體}::{三全體}::{五?}..{}::[二558/631/73/]...[三545/611/66/]...[四238/休息338/100/]...[五310/381/71/]...[六741/805/6*4休息]...[七503/579/76/]...[八827/910/83/]...[合:]*我叫白雲我叫黑土L國老1947資深老油條的秒拍视频,,,"國老1947二窗口,國老1947三窗口,國老1947紫霞雲閣,國老1947五窗口,國老1947资深老油条,國老1947新七窗口,國老1947八窗口",,0,0,1,2018/10/3 21:08,微博视频,,"http://f.us.sinaimg.cn/004DvvuFlx07o7dP83wY01040200cIuu0k010.mp4?label=mp4_hd&template=368x640.28&ori=0&ps=1BVp4ysnknHVZu&Expires=1765402583&ssig=%2F0o4llOOxR&KID=unistore,video",,,普通用户
4.30925E+15,H3SHZiF6c,6774131741,千禧bot,698.1999年春晚小品赵本山宋丹丹崔永元《昨天今天明天》“白云黑土乐翻天”L电影主的秒拍视频,,,,,246,265,1552,2018/11/22 20:23,微博视频号,,"http://f.us.sinaimg.cn/0009FBJpgx07m6E2FX9e01040200pYJj0k010.mp4?label=mp4_hd&template=852x480.28&ori=0&ps=1BVp4ysnknHVZu&Expires=1765403189&ssig=C0DxB4gcZz&KID=unistore,video",,,
4.30927E+15,H3T7zginw,6557162253,倩倩每天都要努力-,我叫白云我叫黑土……我爸妈最喜欢的系列小品了，又想起来当年一家四口在一起看春晚了,,,,,0,0,1552,2018/11/22 21:26,OPPO R9,,,4.30925E+15,,普通用户
4.32655E+15,Hb8Bf2dWZ,2433692527,iShrokoen,可是真的好好笑,,,,,889,230,651,2019/1/9 13:42,??BikiPhone 7,,,,,
4.3266E+15,Hba0B6mqk,2750449247,导弹少年11,哈哈哈哈哈哈哈哈xtms我叫白云我叫黑土,,,,,0,0,651,2019/1/9 17:18,iPhone客户端,,,4.32655E+15,,普通用户
4.33571E+15,HeYY8BkCC,3788545970,白色洋牡丹,朱一龙超话哈哈哈哈哈哈哈哈哈哈哈我叫白云我叫黑土，我71我75。//@喪心病狂的毛毛Melly:朱一龙超话包子真是无敌了//@什么都吃a:哈哈哈哈白云黑土哈哈哈哈，，期待朱一龙,,,"喪心病狂的毛毛Melly,什么都吃a",,3,0,0,2019/2/3 20:33,,,,,,普通用户
4.34466E+15,HiJVzbsjR,5386979342,勿忘初心bang,"祝大叔大妈永远年轻,生活幸福!",,,,,1864,1053,4899,2019/2/28 13:36,云次方超话,"https://wx1.sinaimg.cn/large/005SzdpAly1g0m2nqduqoj30xc18enpd.jpg,https://wx3.sinaimg.cn/large/005SzdpAly1g0m2niwfx3j30xc18ehdt.jpg,https://wx1.sinaimg.cn/large/005SzdpAly1g0m2nozr6kj30xc18ehdt.jpg,https://wx4.sinaimg.cn/large/005SzdpAly1g0m2nrodrjj30xc18ehdt.jpg,https://wx2.sinaimg.cn/large/005SzdpAly1g0m2nkce79j30xc18ehdt.jpg,https://wx3.sinaimg.cn/large/005SzdpAly1g0m2nmd0iyj30xc18ehdt.jpg,https://wx4.sinaimg.cn/large/005SzdpAly1g0m2nnr36fj30xc18e7wh.jpg,https://wx4.sinaimg.cn/large/005SzdpAly1g0m2nhevuzj30xc18ekjl.jpg,https://wx4.sinaimg.cn/large/005SzdpAly1g0m2nfmdbaj30xc18ehdt.jpg",,,,
4.35639E+15,HnEQ7Ea9Q,7011339341,暗藏玄鸡腿,我叫白云我叫黑土,,,,,0,0,4899,2019/4/1 21:51,荣耀8 美得与众不同,,,4.34466E+15,,普通用户
4.36325E+15,Hqxo6rSlp,2165645277,noval迟暮,前两张莫名有种“我叫白云我叫黑土”的既视感公益胡@胡歌，帅帅哒,,,胡歌,,0,0,1,2019/4/20 20:23,三星Galaxy S9,"https://wx3.sinaimg.cn/large/81151fddly1g29d9xhyt1j20sg11ygu5.jpg,https://wx2.sinaimg.cn/large/81151fddly1g29d9y21nhj20mv0mvdit.jpg,https://wx3.sinaimg.cn/large/81151fddly1g29d9ydbrbj20sg0lcjvj.jpg,https://wx1.sinaimg.cn/large/81151fddly1g29d9ymnuyj20sg0lc0vc.jpg,https://wx4.sinaimg.cn/large/81151fddly1g29d9yym33j20sg0lc41g.jpg,https://wx2.sinaimg.cn/large/81151fddly1g29d9z9y53j20sg0g0q4n.jpg",,,,普通用户
4.36642E+15,HrRLfufn3,6010925285,开八,叠个语音楼，我们每人来一句有声音的台词#每人一句有声台词#,,,,每人一句有声台词,1028,1672,842,2019/4/29 14:06,,https://wx2.sinaimg.cn/large/006yNefPgy1g2jgy4xn43j30qz0i8qcc.jpg,,,,
4.36649E+15,HrTG2EBTA,3209481957,问山风我不回来,我叫白云我叫黑土我七十一我七十五我属鸡我属虎这是我老公这是我老母//@零食少女:葵花点穴手！//@平价安利菌:第一我不叫喂//@绀香廿六:我不吃，我不喝，我就要钱。//@_颜鸢ww:不要再打了啦！不要再打了啦！//@嗯呐UOU:富察傅恒你疯啦//@每天要吃冰淇淋:第一，我不叫喂,,,"零食少女,平价安利菌,绀香廿六,_颜鸢ww,嗯呐UOU,每天要吃冰淇淋",,0,0,842,2019/4/29 18:58,我爱千??Android,,,4.36642E+15,,普通用户
4.36935E+15,Ht69llrWz,3452949614,哎呀我的心呐,//@_李書桓:真的真的真的真的好浪漫但我脑子里全都是我叫白云我叫黑土我七十一我七十五（dbqbml,,,_李書桓,,0,0,0,2019/5/7 16:34,iPhone客户端,,,,,普通用户
4.36934E+15,Ht5WeaM7N,1874170764,沒有偶然的草,也太好看了吧！！！//@_李書桓:真的真的真的真的好浪漫但我脑子里全都是我叫白云我叫黑土我七十一我七十五（dbqbml,,,_李書桓,,0,0,0,2019/5/7 16:01,絕美的Android,,,,,普通用户
4.36934E+15,Ht5Vmo7WW,6534796269,_李書桓,真的真的真的真的好浪漫但我脑子里全都是我叫白云我叫黑土我七十一我七十五（dbqbml,,,,,5,0,0,2019/5/7 15:59,微博 weibo.com,,,,,普通用户
4.39621E+15,HEmJOB6v3,7000537129,超级抹茶法棍,本来像我这种从来跟不上潮流的土人从来没听过badguy这首歌，就因为偶然点进了个赵本山badguy的鬼畜视频，现在整个人都出不来了。。。。满脑子都是吸气嚎啊啊啊啊啊啊啊啊啊啊啊啊啊啊啊啊啊啊啊啊啊啊啊啊啊啊啊啊一开口都是我叫白云我叫黑土,,,,,0,0,3,2019/7/20 19:01,iPhone客户端,,,,,普通用户
4.40528E+15,I2dhJkOqr,5216514740,晨艺,哦豁，《这就是街舞第二季》我们的后台欢乐实录哈哈(一_一！貌似还小小剧透了一下主打歌的动作)。之后还去看了一场非常有质感的公演，(主持人语气):到底是什么呢，我们一起来看一看#明星VLOG#L晨艺的微博视频,,,,明星VLOG,57852,24870,121465,2019/8/14 19:50,微博视频号,,"http://f.video.weibocdn.com/001eOlAalx07wdz2mxxC01041205Eenx0E020.mp4?label=mp4_720p&template=1280x720.23.0&trans_finger=9ff95bc90ce0744bdc0ee98b663a9435&ori=0&ps=1BVp4ysnknHVZu&Expires=1765406414&ssig=Arn6vkXRgq&KID=unistore,video",,,
4.40528E+15,I2drDEJPq,2188584135,戏月循温_Miran,我叫白云我叫黑土，我71我85。你俩是不是组团看鬼畜去了评论配图,,,,,0,0,121465,2019/8/14 20:14,Even Android,,,4.40528E+15,,黄V
4.40854E+15,I3A8sDcOE,2983119002,台上串活bot,【224】（说年龄）熙：你还不知道我多大吗，我都三旬老汉了华：哦，岁数不小了熙：岁数特别大，我比你小一岁华：（推）你说这干嘛呀熙：你不问我多大嘛华：我没问你我多大主要是熙：我也没想告诉你，只是我想这么说完之后比较的直观华：她们也不知道我……你也不用告诉她们了熙：我三十一华：我三十七熙：我属鸡华：我属虎……咱不玩儿这个了！！！熙：我叫白云我叫黑土，我七十一我七十五，我属鸡我属虎，这是我老公华：这是我老母！！！熙：差辈儿了……这我老伴儿华：咱别玩儿这个了行不行？咱不玩儿这个了熙：别说这个台词了，好家伙这小品比她们岁数都大华：比我岁数也大熙：去你的吧，比你岁数大的小品，那不陈佩斯演的嘛。你看我有没有种很亲切的感觉？（学陈佩斯）队长～～～别开枪～～～（学吃面）华：这我也赶上了。没赶上《超生游击队》。熙：超生游击队……华：行了！咱们说——熙：海南岛，吐鲁番！华：哎呀！你看鼓掌的人越来越少了熙：（对观众）不是，他不是要掌声的意思，他是想说那个年龄层的人越来越少了华：不是，咱们先说个事儿啊，我不管——熙：孩子补的，吃的都葱芯儿绿……我是怎么想起来的呢？华：咱不管这些了行不行？熙：好暴露年龄啊华：咱，咱不聊小品了行不行啊？老蔫儿，咱不能老老实实的吗熙：怎么出来老蔫儿了！又不是一个！哎呀妈呀！（发出类似于大声亲手背模拟亲嘴的声音）华：哎呀……熙：快走啊，人家都回深圳了，别搁这呆着了华：相声太难了，还得给小品捧哏——熙：二字拆开两个一，一个样儿的烤鸭配烧鸡华：你先等会儿！这太明显了这个！烤鸭！鸭子，扁嘴——熙：嘛哈噫唏！这我熟啊！这我老演！华：怎么还有嘛哈噫唏？熙：扁嘴子嘛哈噫唏！华：鸡——熙：尖嘴子嘛哈噫唏！（中间抖了几回合“有蹼”“有谱”的包袱）华：鸭子是“有蹼嘛哈噫唏”，鸡是“爪子嘛哈噫唏”“泡椒嘛哈噫唏”——熙：二字拆开两个一，一个样儿的砍了头剁了脚的烤鸭配砍了头剁了脚的烧鸡。一天我吃砍了头剁了脚的烤鸭，一天我吃砍了头剁了脚的烧鸡！华：就剩俩肉蛋呀这个？熙：对呀！没有头，没有脚，多滑稽，搭俩砖（学小企鹅）哎呀我跟你说啊，《双字意》这个节目没什么意思，你说这一场下来都是靠别的节目撑起来的。20190804尚九熙何九华《双字意》串活小品《昨天今天明天》《主角与配角》《吃面条》《超生游击队》赵本山老蔫三部曲《小九老乐》相声《学满语》投稿人1：（“老蔫”“深圳”两个关键词目前只能想到赵本山老师的《相亲》《老蔫完婚》《老蔫返乡》三部曲，我也查过暂时没发现有别的节目有这个角色，但是断老师在这部分有个亲手背的模仿我没get到来源，如果有出入希望其他小伙伴能帮忙指出）投稿人2：亲手背是1991年赵本山的小品《小九老乐》，大概9分40秒的位置，希望这一场可以把串的小品的年份标出来，因为他们一直说节目比观众岁数还大这里赵本山演得老乐被媳妇关在门外，然后他就一人分饰两角，模拟邻居妇女邀请他去家里，最后俩人亲嘴声，逼得他媳妇开门备注：此条投稿综合了3位投稿人的投稿，在此一并感谢,,,,,94,32,316,2019/8/23 19:50,,,,,,普通用户
4.43536E+15,IePQS8dPw,1278294873,_Mus_,对不起,,,,,3903,548,6372,2019/11/5 20:04,,"https://wx2.sinaimg.cn/large/4c313b59ly1g8nf2efv3nj20qo19nwhb.jpg,https://wx1.sinaimg.cn/large/4c313b59ly1g8nf2jrutpj20qo125abw.jpg",,,,
4.43542E+15,IeRlko537,5524783524,雪中诵诗流浪,我叫白云我叫黑土哈哈哈,,,,,0,0,6372,2019/11/5 23:52,有防窥屏的Android,,,4.43536E+15,,普通用户
4.44121E+15,Ihi3Y6dE2,2872682544,Evildoer_Force,dbq她一开口我幻听成“我叫白云我叫黑土”，简直是宋丹丹本丹,,,,,0,0,0,2019/11/21 23:34,iPhone客户端,,,,,普通用户
4.45482E+15,In0baEPHc,5084454705,浮纵槎来不相逢,何南嘉齐超话不愧是全世界最搞笑的hnjq,,,,,227,80,659,2019/12/29 13:04,何南嘉齐超话,"https://wx4.sinaimg.cn/large/005y5QVXly1gadidjujq8j305t07r74h.jpg,https://wx2.sinaimg.cn/large/005y5QVXly1gadidjlx35j304h07yaa6.jpg,https://wx3.sinaimg.cn/large/005y5QVXly1gadj9kd4xtj30a807o0t5.jpg,https://wx2.sinaimg.cn/large/005y5QVXly1gadjalbwi3j30fe0ppdho.jpg,https://wx1.sinaimg.cn/large/005y5QVXly1gadj9xrzyoj30r21c341i.jpg,https://wx4.sinaimg.cn/large/005y5QVXly1gadj9lavcvj305y07xwer.jpg",,,,
4.45492E+15,In2E3qJ9Z,5978652804,好看der,你们干啥！//@岐子七:守护最好笑的河南假期//@第十七杯甜酒:我要打人了//@定格十二时十二分：哈哈哈哈哈哈md//@辛丑陆捌:我叫白云我叫黑土我71我75哈哈哈哈哈哈有背景音了妈呀//@一起吃橘子吗_:哈nmd//@喂猫养兔:哈哈哈哈哈哈哈，土得成双成对//@宿醉可乐:土得前仆后继哈哈,,,"岐子七,第十七杯甜酒,定格十二时十二分,辛丑陆捌,一起吃橘子吗_,喂猫养兔,宿醉可乐",,0,0,659,2019/12/29 19:21,微博轻享版,,,4.45482E+15,,普通用户
4.45485E+15,In0T9rALq,3210657317,XIV阿苏苏啊爱鬼鬼,笑死我了//@一条小河Riven:妈呀//@辛丑陆捌:我叫白云我叫黑土我71我75哈哈哈哈哈哈有背景音了妈呀//@一起吃橘子吗_:哈哈哈哈哈哈哈哈哈哈哈哈nmd//@喂猫养兔:哈哈哈哈哈哈哈，土得成双成对//@宿醉可乐:土得前仆后继的哈哈哈哈哈哈哈哈哈,,,"一条小河Riven,辛丑陆捌,一起吃橘子吗_,喂猫养兔,宿醉可乐",,0,0,659,2019/12/29 14:53,粥粥南姐姐Android,,,4.45482E+15,,普通用户
4.45485E+15,In0SX3B8v,5953426458,专业吸猪社团年费会员,配上刚才听的他们打辣椒的背景音//@一条小河Riven:妈呀//@辛丑陆捌:我叫白云我叫黑土我71我75哈哈哈哈哈哈有背景音了妈呀//@一起吃橘子吗_:哈哈哈哈哈哈哈哈哈哈哈哈nmd//@喂猫养兔:哈哈哈哈哈哈哈，土得成双成对//@宿醉可乐:土得前仆后继的哈哈哈哈哈哈哈哈哈,,,"一条小河Riven,辛丑陆捌,一起吃橘子吗_,喂猫养兔,宿醉可乐",,0,0,659,2019/12/29 14:52,iPhone客户端,,,4.45482E+15,,普通用户
4.45484E+15,In0I2mGCJ,5972906712,狠狠嘲笑-,我要打人了//@定格十二时十二分：哈哈哈哈哈哈md//@辛丑陆捌:我叫白云我叫黑土我71我75哈哈哈哈哈哈有背景音了妈呀//@一起吃橘子吗_:哈哈哈哈哈哈哈哈哈哈哈哈nmd//@喂猫养兔:哈哈哈哈哈哈哈，土得成双成对//@宿醉可乐:土得前仆后继的哈哈哈哈哈哈哈哈哈,,,"定格十二时十二分,辛丑陆捌,一起吃橘子吗_,喂猫养兔,宿醉可乐",,1,3,659,2019/12/29 14:25,微博极速版,,,4.45482E+15,,普通用户
4.45484E+15,In0EVoPsp,6361532303,一条小河Riven,妈呀//@辛丑陆捌:我叫白云我叫黑土我71我75哈哈哈哈哈哈有背景音了妈呀//@一起吃橘子吗_:哈哈哈哈哈哈哈哈哈哈哈哈nmd//@喂猫养兔:哈哈哈哈哈哈哈，土得成双成对//@宿醉可乐:土得前仆后继的哈哈哈哈哈哈哈哈哈,,,"辛丑陆捌,一起吃橘子吗_,喂猫养兔,宿醉可乐",,3,0,659,2019/12/29 14:17,iPhone客户端,,,4.45482E+15,,普通用户
4.45599E+15,InuDnyOQ1,2803301701,人民日报,【#2000已经是20年前了#】#2000年你在做什么#？“这么多年，我一直记得那个时刻。外面下着很大的雪，我爸去翻门上挂的日历。他和我说，我们进入了一个新的世纪。”那一年，《西游记》有了续集，周杰伦发首张专辑，许多“千禧宝宝”出生…20年，历史长河中不过一瞬，对成长的我们却是整个青春。你好，2020！O2000年，已经是20年前了！,,,,"2000已经是20年前了,2000年你在做什么",2963,8397,46118,2020/1/1 18:36,微博 weibo.com,,,,,
4.45606E+15,Inwk8aYvf,7267492171,没什么意思333,记得2000年的春晚特别好看，我叫白云我叫黑土，我71我75，我属鸡他属虎，哈哈哈,,,,,0,0,46118,2020/1/1 22:54,荣耀20S,,,4.45599E+15,,普通用户
4.46287E+15,IqnscFEjD,2656274875,央视新闻,【#宋丹丹说笑比哭难#】18日，宋丹丹参加#鼠年春晚#彩排，并接受央视专访。宋丹丹表示，尽管曾多次登上#春晚#，这个舞台依然让她感到压力：“让观众笑是一个非常难的事情，比让观众哭有压力。”她还透露，为了把时间留给家人，为了让新人有更多机会，这将是她最后一次登上春晚。转发！祝福宋丹丹老师！@春晚L央视新闻的微博视频,,,春晚,"宋丹丹说笑比哭难,鼠年春晚,春晚",6306,9618,386167,2020/1/20 17:50,微博视频号,,"http://f.video.weibocdn.com/003Gv4kxlx07Aj2sHxnO01041200T7sl0E010.mp4?label=mp4_720p&template=1280x720.25.0&trans_finger=1f0da16358befad33323e3a1b7f95fc9&ori=0&ps=1BVp4ysnknHVZu&Expires=1765408378&ssig=5r2LE8xfBa&KID=unistore,video",,,
4.46293E+15,Iqp8EkGnV,7334114388,一大口荔枝榴莲,我叫白云我叫黑土我71我75,,,,,0,0,386167,2020/1/20 22:08,iPhone客户端,,,4.46287E+15,,普通用户
4.49069E+15,IC3mQBPMh,2049758875,Wenny0707,云次方超话乡村爱情：村口的海哥终于等来他的强哥??,,,,,892,625,4539,2020/4/6 12:46,云次方超话,https://wx3.sinaimg.cn/large/7a2cd69bgy1gdjy3wcc9xj20ku0ku74x.jpg,,,,
4.49075E+15,IC4PPhbdI,5332543277,阿乌云踏雪喵,我叫白云我叫黑土……,,,,,0,0,4539,2020/4/6 16:30,iPhone客户端,,,4.49069E+15,,普通用户
4.49177E+15,ICvpLB8qy,6577787218,日在板谷,哈哈哈哈哈哈哈哈哈哈哈哈哈哈哈哈哈哈哈哈哈哈哈哈哈哈哈哈哈哈哈哈哈哈哈//@子不语你是我的:哈哈哈哈哈哈哈哈哈//@奶牛tongxie:我叫白云我叫黑土//@扑灿烈生一堆://@Parkimkiss:哈哈哈哈哈哈哈哈哈哈哈哈哈哈哈哈哈哈哈哈哈哈哈这个表情被玩坏了,,,"子不语你是我的,奶牛tongxie,扑灿烈生一堆,Parkimkiss",,2,0,0,2020/4/9 12:10,云吞的Android,,,,,普通用户
4.49177E+15,ICvmNeoNU,6622549962,酸奶冰柚,哈哈哈哈哈哈哈哈哈//@奶牛tongxie:我叫白云我叫黑土//@扑灿烈生一堆://@Parkimkiss:哈哈哈哈哈哈哈哈哈哈哈哈哈哈哈哈哈哈哈哈哈哈哈这个表情被玩坏了,,,"奶牛tongxie,扑灿烈生一堆,Parkimkiss",,3,0,0,2020/4/9 12:03,荣耀V20 4800万3D相机,,,,,普通用户
4.50053E+15,J0dF1hn9Z,6306879916,栗紫同学,我叫白云我叫黑土L栗紫同学的微博视频,,,,,0,0,0,2020/5/3 15:51,HUAWEI Mate30 Pro 5G,,"http://f.video.weibocdn.com/Jn8X5GBXlx07CYMScd3G010412005xDD0E010.mp4?label=mp4_hd&template=576x1024.24.0&trans_finger=7c347e6ee1691b93dc7e5726f4ef34b3&ori=0&ps=1BVp4ysnknHVZu&Expires=1765409655&ssig=vKIwcOYpvM&KID=unistore,video",,,普通用户
4.5053E+15,J2dSn9GM4,6091727115,风风轰轰88,我叫白云我叫黑土，我七十一我七十五//@话筒给他啊:冒昧的问一下豁牙金现在是不是嗦面更快评论配图,,,话筒给他啊,,0,0,0,2020/5/16 20:04,iPhone客户端,,,,,普通用户
4.50856E+15,J3AJ6ptes,5746513154,yukimachi_duck,夫妻二人转,,,,,102,7,124,2020/5/25 20:05,iPhone 7,,,,,
4.50859E+15,J3Bzcesqo,5225680513,倪人张Zzz,开头太像小c说事儿了//@恐龙三明治:草//@皮鸭收藏家:我叫白云我叫黑土,,,"恐龙三明治,皮鸭收藏家",,0,0,124,2020/5/25 22:13,iPhone客户端,,,4.50856E+15,,普通用户
4.50859E+15,J3Bmr9Uyj,5511584403,恐龙三明治,草//@皮鸭收藏家:我叫白云我叫黑土,,,皮鸭收藏家,,1,0,124,2020/5/25 21:42,微博轻享版,,,4.50856E+15,,普通用户
4.51499E+15,J6i1ZEOM9,6887766676,吃得特少,骚瑞蓝天白云就很容易联想到我叫白云我叫黑土我七十一我七十五,,,,,0,0,0,2020/6/12 14:00,前置双摄vivo X9,,,,,普通用户
4.51763E+15,J7oFbs3fa,6490600941,iiitriata_菠萝,哈哈哈哈哈哈哈哈//@twomonths面包:“我叫白云我叫黑土，我七十一我七十五，我属鸡我属虎，这是我老公这是我老母”??????,,,twomonths面包,,0,0,0,2020/6/19 20:44,OPPO智能手机,,,,,普通用户
4.53679E+15,Jfr9kCM6Q,3694622794,心思依然活络,在演什么言情剧??（cr:haesamarky),,,,,177,0,196,2020/8/11 17:46,微博轻享版,https://wx1.sinaimg.cn/large/dc37784agy1ghn0kq0w42j20gj0pnq7n.jpg,,,,
4.5368E+15,JfrnN8atz,3789179707,你动过心吗,我叫白云我叫黑土,,,,,0,0,196,2020/8/11 18:21,,,,4.53679E+15,,普通用户
4.54946E+15,JkKAn5wag,5126735993,不约儿童的大松子儿,#做家务的男人#郭麒麟范丞丞魏大勋散步聊天儿大勋和大林春晚语言类节目十级学者！聊起红高粱模特队，一字不差的唱了出来，一旁的丞丞完全在状况外。魏大勋科普这是1997年赵本山老师的小品，范丞丞：我2000年的L微博电视的微博视频,,,,做家务的男人,41,65,1082,2020/9/15 16:26,德云社超话,,"http://f.video.weibocdn.com/b6GRfv3zlx07GrVeVjxS010412006jDK0E010.mp4?label=mp4_hd&template=640x360.25.0&trans_finger=62b30a3f061b162e421008955c73f536&ori=0&ps=1BVp4ysnknHVZu&Expires=1765411297&ssig=Kml02PLS1M&KID=unistore,video",,,
4.54949E+15,JkLrujOc0,2832870967,年年相见欢,这跟宫廷玉液酒啊我叫白云我叫黑土啊锣鼓喧天啊都差不多,,,,,0,0,1082,2020/9/15 18:37,iPad Pro,,,4.54946E+15,,普通用户
4.55043E+15,Jl9WdvPkd,3515140557,卷毛迪饱饱,芜湖！我叫白云我叫黑土，我71我75，这是我老公这是我老母//@黑加仑泡腾片:我昨天还跟室友学那段“俺叫魏淑芬，今年二十九岁，至今未婚”,,,黑加仑泡腾片,,1,0,0,2020/9/18 8:59,iPhone 7,,,,,黄V
4.55966E+15,Jp25jd9ul,6467832658,FEVERANGLE,梗很多的铜钱味辣炒年糕?全程憋笑得我眼泪都出来了LFEVERANGLE的微博视频,,,,,21,6,27,2020/10/13 20:20,??小发的iPhone 11,,"http://f.video.weibocdn.com/002r3HWjgx07Hb4zwzdK01041200TioX0E010.mp4?label=mp4_720p&template=900x720.25.0&trans_finger=1f0da16358befad33323e3a1b7f95fc9&ori=0&ps=1BVp4ysnknHVZu&Expires=1765411653&ssig=Vzm7V5KQz3&KID=unistore,video",,,
4.55967E+15,Jp2mwdkmF,5598777668,月亮是一团黄色的毛绒绒,？？糙哈哈哈哈哈为什么有声音！！//@怕黑玻璃心患者:我叫白云我叫黑土她一米三我一米五//@冬日特供王八糕子:和??哥击掌那里我感觉我看到了宋/丹/丹…（尤其是还带着个小红帽,,,"怕黑玻璃心患者,冬日特供王八糕子",,0,0,27,2020/10/13 21:03,快乐小星球Android,,,4.55966E+15,,普通用户
4.55967E+15,Jp2dP1uGf,3924189123,heriooooooooo,哈哈哈哈哈哈哈哈哈哈哈哈//@怕黑玻璃心患者:我叫白云我叫黑土她一米三我一米五//@冬日特供王八糕子:和??哥击掌那里我感觉我看到了宋/丹/丹…（尤其是还带着个小红帽,,,"怕黑玻璃心患者,冬日特供王八糕子",,0,0,27,2020/10/13 20:41,荣耀 9X,,,4.55966E+15,,普通用户
4.55966E+15,Jp2761O6N,2723823313,怕黑玻璃心患者,我叫白云我叫黑土她一米三我一米五//@冬日特供王八糕子:和??哥击掌那里我感觉我看到了宋/丹/丹…（尤其是还带着个小红帽,,,冬日特供王八糕子,,2,0,27,2020/10/13 20:25,iPhone 11,,,4.55966E+15,,普通用户
4.56316E+15,Jqv5wfQef,7413190965,随机波动StochasticVolatility,#随机波动#更新啦。本期节目主题为「双雪涛对话梁龙：我叫白云我叫黑土，我要孤独我要幸福」，收听及阅读??为O双雪涛对话梁龙：我叫白云我叫黑土，我要孤独我要幸福|随机波动·宝珀理想国文学奖。这是随机波动与#宝珀理想国文学奖#合作的第三期节目，请大家持续关注这一系列。他们一个来自齐齐哈尔，做过保安，千禧年来到北京登上舞台高喊“大哥你玩摇滚玩它有啥用”；一个来自沈阳铁西，干过银行，带着《平原上的摩西》从东北平原来到了华北平原专职写作。他们一个唱摇滚二十年，化浓妆穿旗袍，踩着高跟鞋炸了场，较劲儿褪去之后试图用音乐唱“皇帝的新装”；一个十个年头写了六本小说，在求生欲之下开始动笔，既是暗夜行车被文字牵引着前行，又是彼此创造，整个人被阅读和书写改变。这一期作家@双雪涛与二手玫瑰乐队主唱@梁龙LBB的跨界对话，既是一次处于艺术中心地带的文学和音乐的对话，也是一番关于东北白山黑水和改制浪潮如何作为集体记忆与艺术创作支点的对话，既是一次有关酸菜、有关赵本山、有关仙儿和外星人的对话，也是一次尝试走出过去与东北、在今天思考如何面对文艺本身的对话。收听及阅读??：O双雪涛对话梁龙：我叫白云我叫黑土，我要孤独我要幸福|随机波动·宝珀理想国文学奖@理想国imaginist@BLANCPAIN瑞士宝珀腕表剩余价值超话,,,"双雪涛,梁龙LBB,理想国imaginist,BLANCPAIN瑞士宝珀腕表","随机波动,宝珀理想国文学奖",312,92,453,2020/10/23 12:01,,"https://wx4.sinaimg.cn/large/0085GZCdly1gjz4u0v4k9j31d80wt7wi.jpg,https://wx4.sinaimg.cn/large/0085GZCdly1gjz4u3l01oj317w1wonpd.jpg,https://wx4.sinaimg.cn/large/0085GZCdly1gjz4u6go1gj31qi15ykjl.jpg",,,,普通用户
4.56345E+15,JqCz3wwxL,1749979201,Paul202209,『双雪涛对话梁龙：我叫白云我叫黑土，我要孤独我要幸福|随机波动·宝珀理想国文学奖』O双雪涛对话梁龙：我叫白云我叫黑土，我要孤独我要幸福|随机波动·宝珀理想国文学奖,,,,,0,0,0,2020/10/24 7:03,iPhone客户端,,,,,普通用户
4.56406E+15,JqSsbtrgk,3242289375,专属宝宝巴士,『双雪涛对话梁龙：我叫白云我叫黑土，我要孤独我要幸福|随机波动·宝珀理想国文学奖-随机波动StochasticVolatility|小宇宙-听见你爱的播客』O网页链接,,,,,0,0,0,2020/10/25 23:30,OPPO A9,,,,,普通用户
4.56399E+15,JqQDSerYX,1742086542,JaniceKoooooooo,『双雪涛对话梁龙：我叫白云我叫黑土，我要孤独我要幸福|随机波动·宝珀理想国文学奖-随机波动StochasticVolatility|小宇宙-听见你爱的播客』O网页链接,,,,,0,0,1,2020/10/25 18:53,iPhone客户端,,,,,普通用户
4.56407E+15,JqSJlxqj8,1990218315,KimiChen77,『双雪涛对话梁龙：我叫白云我叫黑土，我要孤独我要幸福|随机波动·宝珀理想国文学奖-随机波动StochasticVolatility|小宇宙-听见你爱的播客』O网页链接,,,,,0,0,1,2020/10/26 0:12,坚果手机 3,,,,,普通用户
4.56658E+15,JrW3w8KLM,5725515223,发财啦吧,我们坐在高高的虾壳上听老虾讲过去的故事超话一但接受了这个设定，我叫唐三，我叫小舞！我满脑子是我叫白云我叫黑土！我不对劲了！,,重庆·观音桥,,,0,5,9,2020/11/1 22:30,我们坐在高高的虾壳上听老虾讲过去的故事超话,,,,,普通用户
4.5688E+15,JsRO8mjqJ,1679106623,dasFernweh小玫瑰,感觉我跟双雪涛老师是一个时代的人，除了属于整个东北的集体记忆-下岗，还有“九千班”这个估计算沈阳那一代人的集体记忆吧，当时我家也是借钱给我上的学我正在听随机波动StochasticVolatility的《双雪涛对话梁龙：我叫白云我叫黑土，我要孤独我要幸福|随机波动·宝珀理想国文学奖》，分享给你听听～O网页链接（via@小宇宙播客App）,,,小宇宙播客App,,0,0,0,2020/11/8 1:32,iPhone客户端,https://wx1.sinaimg.cn/large/6415223fly1gkh4gew9egj20m80m8dht.jpg,,,,普通用户
4.5713E+15,JtUOE3iem,2456565664,Fly_邪,所以哥跟姐接受采访自我介绍的时候大概会说我叫白云我叫黑土这是我爹这是我母??微博正文,,,,,0,0,0,2020/11/14 23:01,吴邪不要的iPhone 7 Plus,,,,,普通用户
4.57948E+15,JxlChoVwu,5672694871,菲菲嘟噜噜_,我叫白云我叫黑土我属鸡我属虎我七十一我七十五,,,,,0,0,0,2020/12/7 12:46,,,,,,普通用户
4.57944E+15,JxkC39wKM,2515323823,无籽X1瓜,我叫白云我叫黑土……//@水下游乐园·0616x0319:到达查看图片,,,水下游乐园·0616x0319,,0,0,0,2020/12/7 10:13,HUAWEI P40 5G,,,,,普通用户
4.58058E+15,JxO8x30Gl,5404274980,铁仔兄弟,正哥和老秦这段太逗了“你23岁，你属虎？”“我属鼠”“我34岁”“你属龙？”“我属虎”哈哈哈哈哈哈哈哈哈哈哈仿佛在听相声！！！L直男看娱乐的微博视频,,,,,52,33,208,2020/12/10 13:22,微博视频号,,"http://f.video.weibocdn.com/2xl2neIBlx07IF7vPOTu010412009Uw20E010.mp4?label=mp4_720p&template=1280x720.25.0&trans_finger=1f0da16358befad33323e3a1b7f95fc9&ori=0&ps=1BVp4ysnknHVZu&Expires=1765412375&ssig=2S58vEUHDh&KID=unistore,video",,,
4.58073E+15,JxSbYjmFG,6990873790,橙子小熊软糖,哈哈哈哈哈哈哈哈哈哈哈哈哈哈哈有声儿了//@系红领巾的猴子:我叫白云我叫黑土我71我75我属鸡我属虎//@鲁一围:哈哈哈哈哈哈哈哈右边有声音//@一颗柠檬不少女:这是我老公→这是我老母←？？？？//@Carol一只帅气的逗比:哈哈哈哈哈哈哈哈哈哈哈为啥会这么押韵！！！,,,"系红领巾的猴子,鲁一围,一颗柠檬不少女,Carol一只帅气的逗比",,0,0,208,2020/12/10 23:42,HUAWEI Mate 10 Pro,,,4.58058E+15,,红V
4.58067E+15,JxQvv9oAI,1919565275,喜柚和常达溜茱美爱dey,//@系红领巾的猴子:我叫白云我叫黑土我71我75我属鸡我属虎//@鲁一围:哈哈哈哈哈哈哈哈右边有声音//@一颗柠檬不少女:这是我老公→这是我老母←？？？？//@Carol一只帅气的逗比:哈哈哈哈哈哈哈哈哈哈哈为啥会这么押韵！！！,,,"系红领巾的猴子,鲁一围,一颗柠檬不少女,Carol一只帅气的逗比",,1,0,208,2020/12/10 19:24,微博 weibo.com,,,4.58058E+15,,普通用户
4.58064E+15,JxPOLplz6,2125310554,EEEstherhh,//@系红领巾的猴子:我叫白云我叫黑土我71我75我属鸡我属虎//@鲁一围:哈哈哈哈哈哈哈哈右边有声音//@一颗柠檬不少女:这是我老公→这是我老母←？？？？//@Carol一只帅气的逗比:哈哈哈哈哈哈哈哈哈哈哈为啥会这么押韵！！！,,,"系红领巾的猴子,鲁一围,一颗柠檬不少女,Carol一只帅气的逗比",,0,0,208,2020/12/10 17:39,HUAWEI P20,,,4.58058E+15,,普通用户
4.58063E+15,JxPDX1Cs4,5344119152,张胖哒_,我的天！好押韵！！哈哈哈哈哈哈哈//@系红领巾的猴子:我叫白云我叫黑土我71我75我属鸡我属虎//@鲁一围:哈哈哈哈哈哈哈哈右边有声音//@一颗柠檬不少女:这是我老公→这是我老母←？？？？//@Carol一只帅气的逗比:哈哈哈哈哈哈哈哈哈哈哈为啥会这么押韵！！！,,,"系红领巾的猴子,鲁一围,一颗柠檬不少女,Carol一只帅气的逗比",,0,0,208,2020/12/10 17:13,iPhone客户端,,,4.58058E+15,,普通用户
4.5806E+15,JxOGDCykf,3257626821,玖夜-,哈哈哈哈啊//@系红领巾的猴子:我叫白云我叫黑土我71我75我属鸡我属虎//@鲁一围:哈哈哈哈哈哈哈哈右边有声音//@一颗柠檬不少女:这是我老公→这是我老母←？？？？//@Carol一只帅气的逗比:哈哈哈哈哈哈哈哈哈哈哈为啥会这么押韵！！！,,,"系红领巾的猴子,鲁一围,一颗柠檬不少女,Carol一只帅气的逗比",,0,0,208,2020/12/10 14:46,iPhone X,,,4.58058E+15,,普通用户
4.5806E+15,JxOGwenw1,5421961842,爱劳动的一缕兔毛,哈哈哈哈哈//@系红领巾的猴子:我叫白云我叫黑土我71我75我属鸡我属虎//@鲁一围:哈哈哈哈哈哈哈哈右边有声音//@一颗柠檬不少女:这是我老公→这是我老母←？？？？//@Carol一只帅气的逗比:哈哈哈哈哈哈哈哈哈哈哈为啥会这么押韵！！！,,,"系红领巾的猴子,鲁一围,一颗柠檬不少女,Carol一只帅气的逗比",,0,0,208,2020/12/10 14:46,360安全浏览器,,,4.58058E+15,,普通用户
4.58059E+15,JxODaup8q,6253253819,橙莫宁,有内味儿了。//@系红领巾的猴子:我叫白云我叫黑土我71我75我属鸡我属虎//@鲁一围:哈哈哈哈哈哈哈哈右边有声音//@一颗柠檬不少女:这是我老公→这是我老母←？？？？//@Carol一只帅气的逗比:哈哈哈哈哈哈哈哈哈哈哈为啥会这么押韵！！！,,,"系红领巾的猴子,鲁一围,一颗柠檬不少女,Carol一只帅气的逗比",,0,0,208,2020/12/10 14:38,荣耀8X,,,4.58058E+15,,普通用户
4.58059E+15,JxOAtbepW,6079387342,桃酥很甜你很可爱5,哈哈哈哈哈哈哈哈哈哈哈哈//@系红领巾的猴子:我叫白云我叫黑土我71我75我属鸡我属虎//@鲁一围:哈哈哈哈哈哈哈哈右边有声音//@一颗柠檬不少女:这是我老公→这是我老母←？？？？//@Carol一只帅气的逗比:哈哈哈哈哈哈哈哈哈哈哈为啥会这么押韵！！！,,,"系红领巾的猴子,鲁一围,一颗柠檬不少女,Carol一只帅气的逗比",,0,0,208,2020/12/10 14:31,微博 weibo.com,,,4.58058E+15,,普通用户
4.58074E+15,JxSqenO3o,7384393288,别再摇我啦-,也不知道哪里好笑但是真给我笑傻了哈哈哈哈哈哈哈哈哈哈哈哈哈怎么这样//@系红领巾的猴子:我叫白云我叫黑土我71我75我属鸡我属虎//@鲁一围:哈哈哈哈哈哈哈哈右边有声音//@一颗柠檬不少女:这是我老公→这是我老母←？？？？//@Carol一只帅气的逗比:哈哈哈哈哈哈哈哈哈哈哈为啥会这么押韵！！！,,,"系红领巾的猴子,鲁一围,一颗柠檬不少女,Carol一只帅气的逗比",,0,0,208,2020/12/11 0:17,HUAWEI Mate 30 5G,,,4.58058E+15,,普通用户
4.58135E+15,Jy8c9AUSw,5243926404,住在松月上的果猹,哈哈哈哈哈哈哈哈哈哈哈//@系红领巾的猴子:我叫白云我叫黑土我71我75我属鸡我属虎//@鲁一围:哈哈哈哈哈哈哈哈右边有声音//@一颗柠檬不少女:这是我老公→这是我老母←？？？？//@Carol一只帅气的逗比:哈哈哈哈哈哈哈哈哈哈哈为啥会这么押韵！！！,,,"系红领巾的猴子,鲁一围,一颗柠檬不少女,Carol一只帅气的逗比",,0,0,208,2020/12/12 16:26,HUAWEI P30 Pro,,,4.58058E+15,,普通用户
4.59191E+15,JCyZhuPEY,5279325145,活着直到被遗忘,我正在听随机波动StochasticVolatility的《双雪涛对话梁龙：我叫白云我叫黑土，我要孤独我要幸福|随机波动·宝珀理想国文学奖》，分享给你听听～O网页链接（via@小宇宙播客App）缓解微积分之痛太有趣啦,,,小宇宙播客App,,0,0,0,2021/1/10 20:00,小宇宙FM,https://wx3.sinaimg.cn/large/005LhvDzgy1gmium26921j30m80m8qaf.jpg,,,,普通用户
4.59662E+15,JExzur6jy,1878335471,新浪综艺,#张踩铃押韵公主#看了今晚奇葩说第七季，谁没有被张踩铃@伦敦张踩铃本铃的押韵所折服，谁没在张踩铃的打油诗里找论点“彩礼早该被淘汰，独立是场接力赛”“无论哪瓣蒜，无论哪根葱，天下的人性都相通”“自己的人生，自己的轨道，屏蔽周围的聒噪，的聒噪”这几句话我已经没有办法普通朗读出来了，一开口就是那个东北味，真得劲面对席瑞@席瑞是花花的自由交火环节甚至还使出绝杀“没子宫的人不会了解”便潇洒转身离去这也真是没sei了~L新浪综艺的微博视频,,,"伦敦张踩铃本铃,席瑞是花花",张踩铃押韵公主,11,11,107,2021/1/23 20:04,微博视频号,,"http://f.video.weibocdn.com/szOtZBXklx07JNKjVTws01041200z6ec0E010.mp4?label=mp4_hd&template=640x368.25.0&trans_finger=62b30a3f061b162e421008955c73f536&ori=0&ps=1BVp4ysnknHVZu&Expires=1765412923&ssig=8FyAC0%2FdyI&KID=unistore,video",,,
4.59662E+15,JExDmF6U8,5292603174,Gabriella是中华吖,想知道丹丹老师听完有没有熟悉的感觉，反正我是满脑子“我叫白云我叫黑土，我七十一我七十五……”,,,,,0,0,107,2021/1/23 20:14,nova4自拍极点全面屏,,,4.59662E+15,,普通用户
4.59881E+15,JFswy1F4j,6733363852,三拾贰川,尼玛啊我现在满脑子我叫唐三我叫小舞我叫白云我叫黑土,,,,,0,0,0,2021/1/29 21:04,,,,,,普通用户
4.59915E+15,JFBsS9aXN,5725515223,发财啦吧,#万物皆可斗罗体#难道只有我，脑子里面我叫唐三我叫小舞(我叫白云我叫黑土，我七十一我七十五)，哈哈哈,,重庆,,万物皆可斗罗体,0,0,0,2021/1/30 19:49,华为畅享5G,,,,,普通用户
4.59994E+15,JFVQ29Wnd,5660528549,梦里住海边_Star,恶心他妈给恶心开门，恶心到家了//@流泪的橡树:眼睛一闭一睁一天就过去了吭~//@一只手癌泠_:我叫白云我叫黑土//@·玐聲甘州·:锣鼓喧天鞭炮起舞红旗招展人山人海//@三鲜馅儿的_:汗水一擦鼻涕一抹老远一看拔丝苹果～//@喜脉洗脉:宫廷玉液酒，一百八一杯//@纳兰无羁:失陪了范老师，我得去造型了,,,"流泪的橡树,一只手癌泠_,·玐聲甘州·,三鲜馅儿的_,喜脉洗脉,纳兰无羁",,0,0,0,2021/2/1 23:41,荣耀20,,,,,普通用户
4.5999E+15,JFUMhfFkf,3183444532,浮光掠影翼下过,眼睛一闭一睁一天就过去了吭~//@一只手癌泠_:我叫白云我叫黑土//@·玐聲甘州·:锣鼓喧天鞭炮起舞红旗招展人山人海//@三鲜馅儿的_:汗水一擦鼻涕一抹老远一看拔丝苹果～//@喜脉洗脉:宫廷玉液酒，一百八一杯//@纳兰无羁:失陪了范老师，我得去造型了,,,"一只手癌泠_,·玐聲甘州·,三鲜馅儿的_,喜脉洗脉,纳兰无羁",,1,6,0,2021/2/1 20:59,i小陈er！Android,,,,,普通用户
4.5999E+15,JFUJ2CeWk,3189329540,一只手癌泠_,我叫白云我叫黑土//@·玐聲甘州·:锣鼓喧天鞭炮起舞红旗招展人山人海//@三鲜馅儿的_:汗水一擦鼻涕一抹老远一看拔丝苹果～//@喜脉洗脉:宫廷玉液酒，一百八一杯//@纳兰无羁:失陪了范老师，我得去造型了//@知小乎:哥哥面前一条弯弯的河，妹妹对面唱着一支甜甜的歌，哥哥心中荡起层层的波，妹妹何时让我度,,,"·玐聲甘州·,三鲜馅儿的_,喜脉洗脉,纳兰无羁,知小乎",,2,0,0,2021/2/1 20:51,王鸥送的Android,,,,,普通用户
4.46716E+15,IsbdssczH,1664490443,寡人无药,【春晚小品演员群像】无江湖也无侠本来憋在家里看小品，突发奇想搞事情。感谢曾经春晚有过的诸神时代。「难逃同归尘土，不过是无江湖也无侠」B站地址：O【春晚小品演员群像】无江湖也无侠L寡人无药的微博视频,,,,,10285,813,13561,2020/2/1 14:22,微博视频号,,"http://f.video.weibocdn.com/004dfr5ilx07ABWPw4zm01041201TXl50E010.mp4?label=mp4_720p&template=1280x720.25.0&trans_finger=11ccc9c970f47cffd9369c72510b3033&ori=0&ps=1BVp4ysnknHVZu&Expires=1765413059&ssig=rNKQRT4vgi&KID=unistore,video",,,
4.60027E+15,K078SeUgF,2317578531,模范诺诺,我叫白云我叫黑土我71我75呜呜呜呜呜呜呜呜呜//@spark不夜城://@小粽子木木:以前真的好开心，宫廷玉液酒，公鸡中的战斗机和大锤八十//@哪吒三太子--:再也回不去啦就像我们也再也没有小时候那样容易快乐了,,,"spark不夜城,小粽子木木,哪吒三太子--",,0,0,13561,2021/2/2 21:59,陈农农妈咪Android,,,4.46716E+15,,普通用户
4.59991E+15,JFVej34ye,1775084261,酒酿熊子,“我喜欢逗大家笑”“从头到尾让你们笑得开心”,,,,,10981,664,103250,2021/2/1 22:08,iPhone客户端,https://wx3.sinaimg.cn/large/69cda2e5ly1gn8dzbcfh7j21t03wc1kx.jpg,,,,
4.60004E+15,K01akw0Zd,2067846353,肉丸子只呆不萌,我叫白云我叫黑土母猪的产后护理这种水平还可以有吗//@吃瓜群众CJ:春晚在吗？我就想一顿爆笑而已。//@小成故事多啊:我就图个开心呀//@你别说还真是这样:对啊我只想要笑//@小狗斯特:简单点//@新加坡小笔尖:强行拔高?故意煽情?生硬套梗?我只想从头笑到尾,,,"吃瓜群众CJ,小成故事多啊,你别说还真是这样,小狗斯特,新加坡小笔尖",,0,0,103250,2021/2/2 6:46,荣耀9青春版 全屏四摄,,,4.59991E+15,,普通用户
4.60002E+15,K00wI7MFo,1923567555,Kiyogawa_Saigou,没有什么意外，今年的春节依旧会在东京度过。记得还在上学的时候，什么“我叫白云我叫黑土”“宫廷玉液酒，一百八一杯”“薄皮儿大馅儿十八个褶就像一朵花”“宇宙宇宙香烟新秀”你说上句我准能对出下句，那时候唐诗宋词天天背也没有#春晚#看一遍台词记得牢。那时候互联网没那么发达，春晚的语言类节目就是当年流行语的大辞典，三十儿晚上学到，从初一念叨到十五，要不是等到第二年三十儿可能真就没什么新词儿了。今天写这篇帖子也是看到如今热搜，以往的笑星老将无缘春晚，“人气”“流量”小花小生跨界出演语言类节目，有感而发，那个通过春晚而变得人气的时代一去不复返。随着儿时的喜剧艺术家慢慢退出春晚舞台，甚至有的已经仙逝，原本就指着春晚看相声小品的我越发对如今的春晚提不起兴趣。也是，以前渠道和信息的匮乏远不及今日新媒体短视频创作的极大丰富，长江总有后浪推前浪，你要允许新人来，旧人走。但还是怀念，怀念那陪伴和赋予欢乐的面孔和作品。照片中的相声小品你们还记得吗？照片中的演员你还记得姓名吗？评论区，一人一句你记忆中的#春晚台词#吧！,,日本,,"春晚,春晚台词",0,2,10,2021/2/2 5:09,iPhone客户端,"https://wx1.sinaimg.cn/large/72a74fc3gy1gn8q562tsbj209i06smxk.jpg,https://wx3.sinaimg.cn/large/72a74fc3gy1gn8q56b2dhj20hh0cptac.jpg,https://wx3.sinaimg.cn/large/72a74fc3gy1gn8q567bn0j20hs09s3z4.jpg,https://wx2.sinaimg.cn/large/72a74fc3gy1gn8q56ahhej20hs0c0abh.jpg,https://wx2.sinaimg.cn/large/72a74fc3gy1gn8q569w55j20dw0asjsb.jpg,https://wx1.sinaimg.cn/large/72a74fc3gy1gn8q56d7w8j20dw0afq3t.jpg,https://wx4.sinaimg.cn/large/72a74fc3gy1gn8q56k1pxj20dc07i74y.jpg,https://wx1.sinaimg.cn/large/72a74fc3gy1gn8q56i1wvj20dw090q4s.jpg,https://wx1.sinaimg.cn/large/72a74fc3gy1gn8q56jz0mj20hs0dcaav.jpg",,,,普通用户
4.60059E+15,K0fe9d0cw,2739811495,非著名观众柳下惠,今天的快乐是赵大爷给的论小品我赵大爷那是永远滴神！（视频有点长，建议先??后看#春晚经典名场面##春晚##新春茶话会#L非著名观众柳下惠的微博视频,,,,"春晚经典名场面,春晚,新春茶话会",11680,1046,26736,2021/2/3 18:34,微博视频号,,"http://f.video.weibocdn.com/000NZsQXgx07K5bWCLoI01041203eOgH0E020.mp4?label=mp4_720p&template=1280x720.25.0&trans_finger=775cb0ab963a74099cf9f840cd1987f1&ori=0&ps=1BVp4ysnknHVZu&Expires=1765413074&ssig=evz7M9OxiI&KID=unistore,video",,,
4.60063E+15,K0gp9eXJH,7405906251,论智商的重要性_,本山大爷的我叫白云我叫黑土，我八十一，我七十五，真是时代的眼泪,,,,,0,0,26736,2021/2/3 21:34,Android,,,4.60059E+15,,普通用户
4.60061E+15,K0fU9DI7b,5208862854,一颗浪味仙,像两只不太聪明的??,,,,,7,1,30,2021/2/3 20:18,,"https://wx4.sinaimg.cn/large/005GvRb0gy1gnam0v7pwvj30d30i3jso.jpg,https://wx4.sinaimg.cn/large/005GvRb0gy1gnam0uxknpj30d40iadh5.jpg",,,,
4.60127E+15,K0wX2vf7O,5258580056,Spidergram,哈哈哈哈哈哈哈哈哈哈哈//@彧夏ovor:哈哈哈哈哈哈哈哈//@汁吃荔枝岛:感觉下一秒就开口我叫白云我叫黑土我71我75……（如有冒犯斯密马赛,,,"彧夏ovor,汁吃荔枝岛",,0,0,30,2021/2/5 15:42,iPhone客户端,,,4.60061E+15,,普通用户
4.60126E+15,K0wHip9iL,5979681996,彧夏ovor,哈哈哈哈哈哈哈哈//@汁吃荔枝岛:感觉下一秒就开口我叫白云我叫黑土我71我75……（如有冒犯斯密马赛,,,汁吃荔枝岛,,1,0,30,2021/2/5 15:03,iPhone客户端,,,4.60061E+15,,普通用户
4.60119E+15,K0uSlgDnD,3230715380,我的女友嘴很贱,#春晚梗张口就来#春晚梗大挑战，你来上句我来下句！感觉这个游戏吼吼玩，过年可以和家人玩这个！L正常人办不出这种事儿的秒拍视频,,,,春晚梗张口就来,107,1664,2483,2021/2/5 10:25,微博视频号,,"http://miaopai.video.weibocdn.com/hy77eUVclx07K7bHRNaU01041200hJNc0E013.mp4?label=mp4_720p&template=1280x720.25.0&trans_finger=1f0da16358befad33323e3a1b7f95fc9&ori=0&ps=1BVp4ysnknHVZu&Expires=1765413102&ssig=R7LLAl1LmD&KID=unistore,video",,,
4.60119E+15,K0v5fvnj0,6794503914,每天要喝一打养乐多,我叫白云我叫黑土满满的都是回忆啊,,,,,0,0,2483,2021/2/5 10:56,iPhone客户端,,,4.60119E+15,,普通用户
4.60119E+15,K0v38hmdy,5743288468,鲸落西洲山衔半,我叫白云我叫黑土这句张口就来,,,,,0,0,2483,2021/2/5 10:51,iPhone客户端,,,4.60119E+15,,普通用户
4.60118E+15,K0uLX0kmh,7224902278,你的雕沙到我了,#春晚梗张口就来#有人和我一起玩”春晚梗接力”吗？这个游戏吼吼玩，感觉可以玩一整天，不带停的辣种！L正常人办不出这种事儿的秒拍视频,,,,春晚梗张口就来,315,333,1314,2021/2/5 10:09,微博视频号,,"http://miaopai.video.weibocdn.com/hy77eUVclx07K7bHRNaU01041200hJNc0E013.mp4?label=mp4_720p&template=1280x720.25.0&trans_finger=1f0da16358befad33323e3a1b7f95fc9&ori=0&ps=1BVp4ysnknHVZu&Expires=1765413102&ssig=R7LLAl1LmD&KID=unistore,video",,,
4.60119E+15,K0uPKhl50,6388803452,我最爱旺仔养乐多,我叫白云我叫黑土??有画面感了！哈哈哈,,,,,0,0,1314,2021/2/5 10:18,iPhone客户端,,,4.60118E+15,,普通用户
4.60106E+15,K0rvD5pnj,6416654851,俺才不是猪呢,哈哈哈哈哈哈哈哈哈哈哈哈哈哈哈哈哈哈哈哈哈哈哈哈哈哈哈哈哈哈哈//@汁吃荔枝岛:感觉下一秒就开口我叫白云我叫黑土我71我75……（如有冒犯斯密马赛,,,汁吃荔枝岛,,0,0,30,2021/2/5 1:50,,,,4.60061E+15,,普通用户
4.60163E+15,K0Gs2ynZQ,7213855073,艾妮soso,#张口就来的春晚台词#我叫白云我叫黑土,,,,张口就来的春晚台词,0,0,0,2021/2/6 15:53,Android,,,,,普通用户
4.60169E+15,K0HSP1i7a,1784023923,Yourpiggymax,东北话版90s'love---NCTU一如既往的东北话直译歌词（及一些因憋不出词而瞎编乱造的胡说八道绝美的高音及rap使你用一生来治愈这三分多钟。（纯属娱乐噢家银们B站：BV1Yp4y1p7oELMAX萌锅的微博视频,,,,,767,296,2617,2021/2/6 19:31,微博视频号,,"http://f.video.weibocdn.com/u1zrefNjlx07Ka2vli1y010412056Q940E020.mp4?label=mp4_720p&template=1280x720.25.0&trans_finger=775cb0ab963a74099cf9f840cd1987f1&ori=0&ps=1BVp4ysnknHVZu&Expires=1765413165&ssig=MIGLA95p%2Fh&KID=unistore,video",,,
4.60302E+15,K1gEQvMiD,3603035797,西红柿炒鸡蛋还是巧克力冰淇淋,一键返回我叫白云我叫黑土哈哈哈哈哈哈哈,,,,,0,0,2617,2021/2/10 12:03,OPPO Reno5 Pro+ 5G,,,4.60169E+15,,普通用户
4.60354E+15,K1u4Lv1Fc,5062540105,貓教授_,以前没什么娱乐，春节小品不套路质量高，出一个能重播一年。特别是不都强行拔高先喜后悲，好看。现在想起来这些都是张口就来：我以为只有我这样的能叛变没想到你朱时茂浓眉大眼也叛变革命了春季里开花十四五六六月六看谷秀春打六九头我叫白云我叫黑土我七十一我七十五这是我老公这是我老母,,,,,0,0,4,2021/2/11 22:13,Android,,,,,普通用户
4.60359E+15,K1vpM9BIx,6867066350,炼金鱼骨头,新年快乐咯祝大家新的一年天天有??磕[暖一下],,,,,136,5,136,2021/2/12 1:37,iPhone客户端,,,,,
4.6038E+15,K1AMEoLA7,5590547756,泡面零元,p14真的是“我叫白云我叫黑土//@飛速下墜:爽图共赏嗯嗯,,,飛速下墜,,0,0,136,2021/2/12 15:17,微博 weibo.com,,,4.60359E+15,,普通用户
4.60572E+15,K2oI8asgN,7426562747,试向星月_Katsura,原际画那两个为什么能想出来这种自我介绍基色斯我满脑子我叫白云我叫黑土我七十一我七十五,,,,,0,0,0,2021/2/17 22:24,微博轻享版,,,,,普通用户
4.6057E+15,K2ogVfUn4,1970436385,思恩-Y,#创造营#我叫白云我叫黑土我属鸡我属虎我71我75,,北京·雍景四季,,创造营,0,0,0,2021/2/17 21:17,HUAWEI P30,,,,,普通用户
4.60777E+15,K3g7bzrOU,3154706875,DeniseFanta,我终于知道阿撒尼这个貂给我什么感觉了就是他和山一坐一起就可以我叫白云我叫黑土我七十一我七十五,,,,,0,1,15,2021/2/23 14:21,微博轻享版,,,,,普通用户
4.61098E+15,K4BEUobtO,5995273290,kirakira_woon,改一天ID上课满脑子的我叫白云我叫黑土,,,,,0,4,0,2021/3/4 11:02,??iPhone 11,,,,,普通用户
4.6394E+15,Kgx2Or3Pj,5242381821,奔跑吧,#陈飞宇深了一个色号##陈飞宇泥潭前后的差别#纯天然美黑了解一下~@陈飞宇Arthur泥潭作战硬是给自己换了一个肤色，孩子玩游戏真的太实诚啦L奔跑吧兄弟官方的优酷视频,,,陈飞宇Arthur,"陈飞宇深了一个色号,陈飞宇泥潭前后的差别",292,426,2594,2021/5/21 21:21,微博视频号,,http:https://api.youku.com/videos/player/file?data=WcEl5oUuRdTFPRFkxTmpVNE1BPT18MHwxfDEwMDUwfDAO0O0O,,,
4.63941E+15,KgxcEy3rN,7402944042,Kabothur,陈飞宇不是陈飞宇陈飞宇现在是白云我叫白云我叫黑土的那个白云,,,,,0,0,2594,2021/5/21 21:45,环游宇宙Android,,,4.6394E+15,,普通用户
4.6463E+15,KjqrTinl8,6346287489,等一个滑雪双综,我叫白云我叫黑土我71我75我属鸡我属虎这是我老公这是我老母爱就像蓝天白云，晴空万里,,,,,0,0,0,2021/6/9 22:04,Redmi K30 5G先锋,,,,,普通用户
4.6463E+15,KjqnL3EPY,5613415064,等等CHENG,哈哈哈哈有梗我叫白云我叫黑土哥你是想到本山大叔的小品了吗,,合肥,,,0,0,0,2021/6/9 21:54,HUAWEI P20,https://wx2.sinaimg.cn/large/0067TjGEly1grccnpewclj30u01m14dp.jpg,,,,普通用户
4.64627E+15,KjpBk1R7x,2403161325,堇潇,笑死了哈哈哈哈哈哈哈哈哈哈哈欢乐喜剧人哈哈哈哈哈哈哈哈哈,,,,,450,108,791,2021/6/9 19:55,肖战的小飞侠,https://wx2.sinaimg.cn/large/8f3d54edly1grc9fyvmwzj21f0460hdv.jpg,,,,
4.64628E+15,KjpQ3AQUS,2793669263,unlessuhappy,我叫白云我叫黑土//@关山南月r:哥很幽默//@江喃而已:哈哈哈哈哈哈哈哈哈哈哈哈哈哈哈哈哈哈哈哈哈哈哈哈哈哈哈哈哈哈哈哈,,,"关山南月r,江喃而已",,0,0,791,2021/6/9 20:31,iPhone 12 Pro Max,,,4.64627E+15,,普通用户
4.64623E+15,KjoEQ3XIF,2989354111,海底菠萝sp,?相声安利20190804《双字意》╰??╯这场是顺毛崽崽“二字拆开两个一游泳衣和比基尼??”??“你多大人啦现在”??“我岁数挺大啦”??“那怎么”??“你还不知道我岁数大吗我都三旬老汉了”??“哦哦是不小了”??“岁数特别大我比你小一岁”??“提这干嘛呀！！！”（暴躁华）??“我三十一”（等??理他）无奈??“我三十七”??“我属鸡”??“诶呀不玩儿这个！”??“我叫白云我叫黑土我七十一我七十五我属鸡我属鼠这是我老公”（盯华熙）宠溺??“这是我老母”??“差辈儿了这是我老伴儿”??“咱别玩这个了行不行”??这一场的华哥好宠熙熙，熙崽跟醉奶了似的，奶fufu的,,,,,0,11,18,2021/6/9 17:31,尚九熙何九华超话,,,,,普通用户
4.64645E+15,KjuspDKtW,7384816800,兔子先生的小面包供应商,“我叫白云我叫黑土，我71我75。”我真的昨天笑出猪叫,,,,,0,1,1,2021/6/10 8:16,iPhone 12 Pro Max,https://wx2.sinaimg.cn/large/0083LWcoly1grcuvggb7bj30u02b047m.jpg,,,,普通用户
4.64645E+15,KjurxDGqT,5992057162,ChristinaShi,我叫白云我叫黑土，我71我75//@羡入战心:可是我觉得真的很好笑，哎呀，我都笑出来了，我觉得他今天真的很可爱，他还能逗趣儿工作人员。,,,羡入战心,,0,0,0,2021/6/10 8:14,iPhone 12 Pro Max,,,,,普通用户
4.65348E+15,KmraypZJn,2909473822,秋秋_gelato,风景元林超话??#风景元林天选soulmate#风景园林！！szd！！（非常粗糙，随便看看就好，主要是太激动了，mo第一次带队友必须要纪念一下～）,,,,风景元林 天选soulmate,10,94,313,2021/6/29 17:25,风景元林超话,https://wx3.sinaimg.cn/large/ad6b0c1egy1grz9kovndmj21kw1kwqf4.jpg,,,,
4.65348E+15,Kmrgh0w0q,5840037726,多树卷,我叫白云我叫黑土,,,,,0,0,313,2021/6/29 17:39,dash岛捡的iPhone 12,,,4.65348E+15,,普通用户
4.66199E+15,Kq0y3dX8C,7538131991,奈良Narrrra,叨叨逼叨叨『双雪涛对话梁龙：我叫白云我叫黑土，我要孤独我要幸福|随机波动·宝珀理想国文学奖-随机波动StochasticVolatility|小宇宙-听播客，上小宇宙』O网页链接,,,,,0,0,0,2021/7/23 5:00,左不过iPhone,,,,,普通用户
4.67739E+15,KwtapAkZv,5983036979,瘦肉粥的副驾,#赵本山小品#我叫白云我叫黑土，这是我老公这是我老母L寒光酱的微博视频,,,,赵本山小品,0,0,2,2021/9/3 16:53,微博视频号,,"http://f.video.weibocdn.com/yYAI52Qjlx07PxdOjprG01041200yZOc0E010.mp4?label=mp4_720p&template=720x1280.24.0&trans_finger=0dec003e4dad885964301ff5a1db7715&ori=0&ps=1BVp4ysnknHVZu&Expires=1765415649&ssig=Yt7osUI9xe&KID=unistore,video",,,黄V
4.68161E+15,Kyf6YczzZ,5311916668,城南金盏花,随机波动StochasticVolatility的《双雪涛对话梁龙：我叫白云我叫黑土，我要孤独我要幸福》O网页链接,,,,,0,3,0,2021/9/15 8:47,iPhone客户端,https://wx2.sinaimg.cn/large/005Nugbigy1guh0v5hsj0j60m80m8jss02.jpg,,,,普通用户
4.68345E+15,Kz0R0B5a7,1956699722,派大星我们一起去抓水母吧lllb,文案自己想,,,,,40,108,1476,2021/9/20 10:20,,"https://wx4.sinaimg.cn/large/0028q6YWgy1gumvn7p6gfj60pu1bf0w502.jpg,https://wx3.sinaimg.cn/large/0028q6YWgy1gumvn86quqj60qo0ydq5d02.jpg",,,,
4.68348E+15,Kz1P4F75W,6090680790,钮祜禄巧克力小狗,笑死了//@啵啵兔奶糖:??我叫白云??我叫黑土??我71??我75,,,啵啵兔奶糖,,0,0,1476,2021/9/20 12:48,王一博肖战顺顺利利,,,4.68345E+15,,普通用户
4.68347E+15,Kz1ldoG97,7627352441,芝士丸丸椰,//@啵啵兔奶糖:??我叫白云??我叫黑土??我71??我75,,,啵啵兔奶糖,,0,0,1476,2021/9/20 11:34,OPPO Reno6 5G,,,4.68345E+15,,普通用户
4.68579E+15,KzZPxrTrQ,6866326215,但是冰美式的确美味,好丑的毛线帽，belike宋丹丹赵本山我叫白云我叫黑土，我71我75，我属鸡我属虎,,,,,0,0,3,2021/9/26 21:33,,,,,,普通用户
4.68861E+15,KBbdG4r8e,2722755113,今年光哥可以上岸么,//@柏树没有动摇:第二行真的很像本山小品：我叫白云我叫黑土，我71他75，我属鸡他属虎,,,柏树没有动摇,,0,0,0,2021/10/4 16:23,HUAWEI Mate 40 Pro,,,,,普通用户
4.69519E+15,KDWkV725Q,1846541941,VugeR_L,如何判别一件衣服真的丑：倪妮穿上都一股“我叫白云我叫黑土我是她老公我是他老母”味我飞速拔草了,,,,,0,0,0,2021/10/22 20:01,微博轻享版,,,,,普通用户
4.71252E+15,L5fCpsfUI,5674387552,·其叶蓁蓁·,啊哈哈哈哈哈哈哈我叫白云我叫黑土我七十八他七十五,,,,,0,2,0,2021/12/9 15:30,HUAWEI P30,https://wx2.sinaimg.cn/large/006c19pSly1gx7m6c1laaj30m80m8q5u.jpg,,,,普通用户
4.72489E+15,LarvUssGZ,2368150120,饭圈美男子,#东北话是体育圈的通用语言吧#匈牙利的短道速滑选手刘少林真的不是性转版福原爱吗东北话说得比我都正宗闭上嘴是美男子张开嘴是宝强老师哈哈哈哈啊哈哈哈哈哈哈哈#金牌混剪##剧综剪刀手#L饭圈美男子的微博视频,,,,"东北话是体育圈的通用语言吧,金牌混剪,剧综剪刀手",5778,2591,44382,2022/1/12 18:58,微博视频号,,"http://f.video.weibocdn.com/u0/CtoP1IXYgx07SUj4kogM01041201Ewjq0E010.mp4?label=mp4_720p&template=1280x720.25.0&trans_finger=775cb0ab963a74099cf9f840cd1987f1&ori=0&ps=1BVp4ysnknHVZu&Expires=1765417246&ssig=TpNuuoaonh&KID=unistore,video",,,
4.72495E+15,Lat1smtIu,1842672431,IseaAmo-tempo-,他俩说“我二十一我十九”的时候我直接接上“我叫白云我叫黑土”//@roundlaruku:诺一也……//@纯黄的坚果://@我的追星大号:一开始还以为是个美颜视频哈哈哈哈哈看到后面笑死我了//@三百斤也要继续吃：我的哑巴男友//@太阳上的半个星球:“我呀”哈哈哈哈这味儿太足了哈哈哈哈哈,,,"roundlaruku,纯黄的坚果,我的追星大号,三百斤也要继续吃,太阳上的半个星球",,0,0,44382,2022/1/12 22:49,iPhone 12 mini,,,4.72489E+15,,普通用户
4.72876E+15,Lc47GzCbq,2357897543,怀念限期,我叫白云我叫黑土我71我75我属鸡我属虎，你小子想演小品了？,,,,,0,0,0,2022/1/23 11:06,,,,,,普通用户
4.73065E+15,LcRi6k4d8,7387129506,马德里狗不理,国乒马丁宁一按我帮您L马德里狗不理的微博视频,,,,,1804,165,5941,2022/1/28 16:16,微博视频号,,"http://f.video.weibocdn.com/u0/g33vi0S6gx07TjEctE6c01041201KCFW0E010.mp4?label=mp4_720p&template=1556x720.25.0&trans_finger=1f0da16358befad33323e3a1b7f95fc9&ori=0&ps=1BVp4ysnknHVZu&Expires=1765417442&ssig=oNNwDJnpV0&KID=unistore,video",,,
4.73066E+15,LcRzT1fkm,7727247284,开心号码簿,我叫白云我叫黑土我七十一我七十五他是我老公她是我老母//@狗都比我有钱:好兄弟//@速溶小月亮:“也挺喜欢的”有点kdl、怎么会…,,,"狗都比我有钱,速溶小月亮",,0,0,5941,2022/1/28 17:00,,,,4.73065E+15,,普通用户
4.73183E+15,LdmaFw4nZ,3012218365,如是言,#春晚#今年语言类节目是怎么了，这本子不煽情就不能画上句号吗整点宫廷玉液酒萝卜开会正月里开花十四五六皇军托我给您带个话儿想不到你朱时茂浓眉大眼的也叛变革命了大锤八十小锤四十我叫白云我叫黑土我七十一我七十五不行吗,,,,春晚,1,2,35,2022/1/31 22:53,微博轻享版,,,,,普通用户
4.73183E+15,Ldm7Xp8wY,6111084823,孤独的狼ps炸元宵版,我叫白云我叫黑土,,,,,0,0,0,2022/1/31 22:47,张艺兴的Xback,https://wx1.sinaimg.cn/large/006Fzukfly1gyx8nkphu2j30u01uowmm.jpg,,,,普通用户
4.73574E+15,LeZJV3YTA,7606781980,小娜不吃萝卜,有个可爱小同胞鲨疯了鲨到我的ins了我真的被可爱死！,,,,,44212,15965,236250,2022/2/11 17:28,iPhone 13 Pro Max,"https://wx4.sinaimg.cn/large/008iNhtWgy1gz9p8hb480j30vt0b974k.jpg,https://wx1.sinaimg.cn/large/008iNhtWgy1gz9p8gwqeyj30u01bbtai.jpg",,,,
4.73585E+15,Lf2xt6NFg,1771930650,连夜改名嘻嘻嘻,哈哈哈哈哈哈哈我叫白云我叫黑土！//@秋田六千:我笑疯了//@M大王叫我来巡山:？。新时代谍战接头。。//@DAEEEEEEE:哈哈哈哈哈哈哈哈哈哈哈哈尼玛这真的韩国人肯定装不了//@表志啃黄瓜:哈哈哈哈哈哈哈哈//@你别说还真是这样:国人的一些接头对话//@铁酱酱酱酱:救//@汉南洞富婆:《一些你是重国人的证据》,,,"秋田六千,M大王叫我来巡山,DAEEEEEEE,表志啃黄瓜,你别说还真是这样,铁酱酱酱酱,汉南洞富婆",,0,0,236250,2022/2/12 0:35,微博网页版,,,4.73574E+15,,普通用户
4.74271E+15,LhV4GjZSi,6444738504,谷子乖乖崽,viko超话viko一年的变化2021.06.27——2022.03.02,,,,,34,36,485,2022/3/2 23:06,viko超话,,,,,
4.74285E+15,LhYLZC801,7462971367,祝我死得其所,我叫白云我叫黑土//@vivipera3:妹已经是老夫老夫了，per还带着初识的紧张羞涩,,,vivipera3,,0,0,485,2022/3/3 8:31,vivo X60 蔡司影像,,,4.74271E+15,,普通用户
4.75145E+15,LlAztx1xX,6785058897,啊幸2234,你大妈已经不是你大妈了你大爷永远是你大爷什么名人我看你就是个人名红旗招展锣鼓喧天人山人海公鸡中的战斗机我叫白云我叫黑土他是我老公她是我老母什么时候能再看到这样的小品呢我十分想念赵本山,,,,,0,0,1,2022/3/27 2:15,vivo手机,,,,,普通用户
4.76686E+15,Ls3em0jMI,6596132943,阳澄湖上的龟龟,我叫白云我叫黑土，突然想到了一个小品,,,,,0,0,0,2022/5/8 14:15,Redmi K40,,,,,普通用户
4.77163E+15,Lu3keqQYV,6593480327,盆塘区时尚达人,220521｜ttline特别喜欢别人夸奖自己的小猫好可爱L盆塘区时尚达人的微博视频,,,,,77,5,430,2022/5/21 18:10,微博视频号,,"http://f.video.weibocdn.com/o0/GXHKo7Ralx07We0CEg2k010412008azf0E010.mp4?label=mp4_720p&template=1268x720.25.0&ori=0&ps=1BVp4ysnknHVZu&Expires=1765418815&ssig=vTC%2BuP20S4&KID=unistore,video",,,
4.77166E+15,Lu4dXDbr0,7755359768,-yawnduck-,你自己看看这身像不像我叫白云我叫黑土我属鸡我属虎,,,,,0,0,430,2022/5/21 20:27,荣耀30 Pro 5G,,,4.77163E+15,,普通用户
4.78254E+15,LyD7BkUyq,3052650545,小小打气桶,发现网友也挺好笑的，昨天还在上官喜爱的热搜里大骂明星不要卖惨，今天就开始共情跟宋丹丹一起录综艺的明星太惨了老前辈压迫感真烦，丝毫没有昨天那股子赚那么多钱啥不能干的想法了。要我别说什么社恐什么前辈压迫什么联欢会团建了，宋丹丹要我出节目我可以当她面多机位表演下蛋公鸡公鸡中的战斗机欧耶，再不满意还可以表演我叫白云我叫黑土这是我老公这是我老母,,,,,0,1,0,2022/6/20 20:39,Redmi K30 Pro 真旗舰,,,,,普通用户
4.78499E+15,LzF0xbQYI,7187025612,于时ys,这也算联动了我正在听随机波动StochasticVolatility的《双雪涛对话梁龙：我叫白云我叫黑土，我要孤独我要幸福|随机波动·宝珀理想国文学奖》，分享给你听听～O网页链接（via@小宇宙播客App）,,,小宇宙播客App,,0,0,0,2022/6/27 15:17,小宇宙FM,,,,,普通用户
4.7858E+15,LA02RnwwZ,6370209831,兔兔老婆在干嘛,我叫白云我叫黑土,,,,,0,0,0,2022/6/29 20:51,iPhone客户端,,,,,普通用户
4.80499E+15,M25U92qDM,5732227826,壯漢嬤,白天青明老是给我一种我叫白云我叫黑土我71我75我属鸡我属虎他是我老公她是我老母的即视感,,,,,0,1,2,2022/8/21 20:00,iPhone,,,,,普通用户
4.81432E+15,M60s2xp9q,6319436971,MLBYWT,220916入境??怎么还要牵手么LMyLifeBeforeYouWasTrash的微博视频,,,,,19,5,85,2022/9/16 13:28,微博视频号,,"http://f.video.weibocdn.com/o0/vlMLmBRYlx07ZfUl67c4010412002yjt0E010.mp4?label=mp4_720p&template=720x720.24.0&ori=0&ps=1BVp4ysnknHVZu&Expires=1765420276&ssig=V%2FMBy5dxMz&KID=unistore,video",,,
4.81433E+15,M60JT6g4x,3209848301,撑伞乘三成山,我叫白云我叫黑土我今年七十三我今年七十五,,,,,0,0,85,2022/9/16 14:12,iPhone,,,4.81432E+15,,普通用户
4.81556E+15,M6wMn5Lda,6604374263,琥珀瑰丽,我也永远喜欢北方喜剧小品哈哈哈我叫白云我叫黑土我七十一我七十五姓齐的网友叫大爷大妈给儿子起名儿——齐得龙齐东强齐得龙东强下蛋公鸡公鸡中的战斗机欧耶！那家伙是锣鼓喧天鞭炮齐鸣红旗招展人山人海我到现在都还背得出的还有大锤8~0~8~0~80！这些梗我都如数家珍哈哈哈我的东北话就是受这些小品的启蒙谢谢梓浩@江梓浩KongChiho！我喜欢！梦回童年！(虽然我01年，但我真的很喜欢白云黑土和那些老牌小品演员哈哈哈哈),,,江梓浩KongChiho,,0,6,0,2022/9/19 23:46,vivo S9e 极夜自拍,,,,,普通用户
4.81592E+15,M6G3GvJKA,5272011556,现在停止推土,哈哈哈哈哈哈哈哈哈哈哈哈哈哈哈哈哈哈哈哈哈哈//@是小鱼啊_:这是我老公这是我老母//@丶星空冬雪:我属鸡，我属虎//@小赵儿冷冰冰:我叫白云我叫黑土我71我75,,,"是小鱼啊_,丶星空冬雪,小赵儿冷冰冰",,0,0,0,2022/9/20 23:23,iPhone客户端,,,,,普通用户
4.81918E+15,M830E40UV,1928878291,汐玫依,“我亲爱的弟弟”,,,,,42,47,514,2022/9/29 23:39,,"https://wx2.sinaimg.cn/large/72f858d3gy1h6nwi1k49fj21kw1kwnea.jpg,https://wx3.sinaimg.cn/large/72f858d3gy1h6nwhueuacj21kw1kwtsy.jpg,https://wx1.sinaimg.cn/large/72f858d3gy1h6nwhxicdxj21kw10vdo3.jpg,https://wx4.sinaimg.cn/large/72f858d3gy1h6nwhzdq4dj21kw12bgv1.jpg",,,,
4.81989E+15,M8llH4Yzr,5718414252,RainShine__,哈哈哈哈哈哈哈哈哈哈哈哈哈哈哈哈哈哈哈哈哈哈哈哈哈哈哈哈哈哈哈哈哈哈哈哈哈哈//@掉点馅饼:我叫白云我叫黑土，我七十一我七十五（dbq宋兄真别美黑了,,,掉点馅饼,,0,1,514,2022/10/1 22:20,HUAWEI Mate 40,,,4.81918E+15,,普通用户
4.82484E+15,Maq7ivp1g,5063741957,BB熊二吖,我真的哔了狗了,,,,,1,11,13,2022/10/15 14:09,,https://wx2.sinaimg.cn/large/005wGWBngy1h75xyldg9ej316o1kwwzi.jpg,,,,
4.82484E+15,Maq9IE9HS,6572458214,你管我我就要嗑,快进到老年爱情了是吧//@花汐:我叫白云我叫黑土,,,花汐,,0,0,13,2022/10/15 14:15,HUAWEI nova 2s,,,4.82484E+15,,普通用户
4.82594E+15,MaSPiC6i9,6197747844,Aroc_c,ゴメン,,,,,66,8,28,2022/10/18 15:15,iPhone 13 Pro,"https://wx3.sinaimg.cn/large/006Lr7kUly1h79gp6p6rgj30ej0ejwgj.jpg,https://wx3.sinaimg.cn/large/006Lr7kUly1h79gpeabtlj30ci0ci0u2.jpg",,,,
4.82602E+15,MaUSx4BLd,5274382010,todayis_壱只温蒂,靠啊本天津人的小品魂都冒出来了…“我叫白云我叫黑土我71我75我属鸡我属虎这是我老公这是我老母Hello啊饭已OK了下来咪西吧”（……,,,,,0,3,28,2022/10/18 20:28,HUAWEI Mate 40 Pro,,,4.82594E+15,,普通用户
4.83397E+15,MefOKbsr9,5954956633,qly1314zm,BBBuild超话第一反应[单身青蛙][单身青蛙][单身青蛙][报税][报税][报税],,,,,10,125,218,2022/11/9 19:17,BBBuild超话,"https://wx3.sinaimg.cn/large/006v0ofDly1h7z3cp3lfqj310n0kq0wr.jpg,https://wx3.sinaimg.cn/large/006v0ofDly1h7z3cpbs1rj30go07nn0q.jpg",,,,
4.83402E+15,MegZytFC6,6336155099,土豆想发财,[单身青蛙]//@·快乐小狗在摆烂·:我叫白云我叫黑土[单身青蛙]//@Twenty20-:[单身青蛙],,,"·快乐小狗在摆烂·,Twenty20-",,0,0,218,2022/11/9 22:17,iPhone客户端,,,4.83397E+15,,普通用户
4.83401E+15,MegO6DWPk,5949342632,阿谣Angel,哈哈哈哈哈哈哈哈凑//@废话输出x:哈哈哈//@-日暮星辰-:哈哈哈[单身青蛙][单身青蛙][单身青蛙]//@一杯菟井橙·:你萌[单身青蛙]//@·快乐小狗在摆烂·:我叫白云我叫黑土[单身青蛙]//@Twenty20-:[单身青蛙],,,"废话输出x,-日暮星辰-,一杯菟井橙·,·快乐小狗在摆烂·,Twenty20-",,0,0,218,2022/11/9 21:49,vivo X80,,,4.83397E+15,,普通用户
4.83715E+15,MfAomDwHD,5851658342,涂装企鹅,好呆毫米我叫白云我叫黑土L涙痣小狗的微博视频,,,,,0,4,0,2022/11/18 13:30,Android,,"http://f.video.weibocdn.com/u0/tjiqlJkmgx080SoDqcEg01041200QVdA0E010.mp4?label=mp4_720p&template=1264x720.25.0&ori=0&ps=1BVp4ysnknHVZu&Expires=1765421043&ssig=66gXsyzRFJ&KID=unistore,video",,,普通用户
4.85426E+15,MmLCar6jZ,2826621374,我就是老昌平,#刻在脑子里的春晚名场面#我叫白云我叫黑土，赵本山老师的小品我能直接把台词背出来，真的太经典了,,,,刻在脑子里的春晚名场面,0,0,0,2023/1/4 18:57,nova 9 精彩由我摄定,,,,,普通用户
4.85462E+15,MmUUo3bhy,7659125909,就是爱深啊,我叫白云我叫黑土我71我75,,,,,0,0,0,2023/1/5 18:36,东北大米Android,,,,,普通用户
4.8586E+15,MoAmTejDQ,6288534957,被小狗选中的人类,这组圆墩墩好可爱hh但我莫名：我叫白云我叫黑土我七十一我七十五这是我老公这是我老母啊不是。。这是我老伴儿,,,,,0,0,0,2023/1/16 17:59,iPhone客户端,,,,,普通用户
4.85856E+15,MoztICi07,3292897425,Nuu4,这个帽子的名字《我叫白云我叫黑土》,,,,,0,9,8,2023/1/16 15:44,iPhone 14 Pro Max,"https://wx3.sinaimg.cn/large/c445a091ly1ha5jae0oj3j20u00u0wkh.jpg,https://wx4.sinaimg.cn/large/c445a091ly1ha5jaeammaj20u00u0tcz.jpg,https://wx2.sinaimg.cn/large/c445a091ly1ha5jadnezpj20u0141484.jpg,https://wx3.sinaimg.cn/large/c445a091ly1ha5jaennw7j20u01407ac.jpg",,,,普通用户
4.85931E+15,MoT1I2XUr,7721977987,我要把你妈妈抓走,饿死妹//@Saku鸦:我叫白云我叫黑土//@AAA罐装果酱零售价一億萬元:啊啊啊啊啊啊啊啊,,,"Saku鸦,AAA罐装果酱零售价一億萬元",,1,0,0,2023/1/18 17:29,抓来的Android,,,,,普通用户
4.85927E+15,MoRUYpoTl,7740494814,弟国玫瑰,啊啊啊啊啊啊啊//@崩溃是常态厨:啊啊啊啊//@崩溃是常态:我真的是。。。//@Saku鸦:我叫白云我叫黑土//@AAA罐装果酱零售价一億萬元:啊啊啊啊啊啊啊啊,,,"崩溃是常态厨,崩溃是常态,Saku鸦,AAA罐装果酱零售价一億萬元",,0,0,0,2023/1/18 14:40,微博小程序,,,,,普通用户
4.85926E+15,MoRKuzTzI,6492161950,YUAYUEA,每年的春节晚会总是让我反复想起的经典的台词非“我叫白云我叫黑土”莫属，总要模仿两句，大家都会开心的笑一笑，每年春节晚会都会有各种层出不穷，新鲜的梗和笑点，但是有些经典的却难忘。#值得记住的春晚名场面##有位青年#@葱圈儿@用户7805752191@那我就咬你,,,"葱圈儿,用户7805752191,那我就咬你","值得记住的春晚名场面 ,有位青年",0,0,0,2023/1/18 14:14,HUAWEI P30 Pro,"https://wx3.sinaimg.cn/large/0075mrTwly1ha7rz1gcngj30u01hcn9w.jpg,https://wx3.sinaimg.cn/large/0075mrTwly1ha7rz1qurdj30qo0zk422.jpg,https://wx4.sinaimg.cn/large/0075mrTwly1ha7rz21kffj30u00mcq5k.jpg,https://wx1.sinaimg.cn/large/0075mrTwly1ha7rz29dgqj30ku0o3gnp.jpg",,,,普通用户
4.85926E+15,MoRFhFUvl,5671915348,箫鄠侯菁,我叫白云我叫黑土//@AAA罐装果酱零售价一億萬元:啊啊啊啊啊啊啊啊,,,AAA罐装果酱零售价一億萬元,,5,0,0,2023/1/18 14:01,咕唔咕鸟舍Android,,,,,黄V
4.85968E+15,Mp2uFDOV9,7236369382,听唔明咩_,我叫白云我叫黑土我七十一我七十五我属鸡我属虎这是我老公这是我老母,,,,,1,2,4,2023/1/19 17:36,微博轻享版,https://wx2.sinaimg.cn/large/007TJ4fcly1ha93eqr73sj30cn0iit9y.jpg,,,,普通用户
4.86044E+15,MpmiyqLNn,5819071204,野比大雄,春晚40周年了！说说春晚给你印象最深的台词。#春晚##春晚段子大考#,,,,"春晚,春晚段子大考",2084,438,6602,2023/1/21 20:01,Redmi K40S,https://wx4.sinaimg.cn/large/006lOefaly1habimh81iwj30zk0lcdno.jpg,,,,
4.8605E+15,MpnN3BTU2,1993544340,梨花树下惹相思,我叫白云我叫黑土……//@冷知识bot:小锤40大锤80//@Aoido弦歌:那真是锣鼓喧天鞭炮齐鸣红旗招展人山人海呀//@花阳甜一时://@渡劫大尊:打败你的不是天真是无鞋//@无声铃鹿·:下蛋公鸡公鸡中的战斗机欧耶,,,"冷知识bot,Aoido弦歌,花阳甜一时,渡劫大尊,无声铃鹿·",,0,0,6602,2023/1/21 23:49,嚯吼哈嘿的Android,,,4.86044E+15,,普通用户
4.86049E+15,MpnAywiaf,7727713796,快递土特产,我要看赵本山和宋丹丹的。。。我叫白云我叫黑土。。。他是我老公她是我老母。。。其他的小品都特么滚蛋。。。又尬又难看。。。,,,,,0,0,0,2023/1/21 23:18,Android,,,,,普通用户
4.86048E+15,Mpnmg53KY,1661988624,你好加菲大王,春晚小品相声脱口秀没一个好看的，好像再也没有看完春晚，就学到春晚经典语录了。大学的时候天天用还要啥自行车来表述我的满意程度。和大家闹着玩也天天说拐了拐了卖了卖了，我叫白云我叫黑土也张口就来。今年觉得还不错的就是杂技武术舞蹈，语言类的都很聒噪。看完朱洁静的舞蹈，和群里小伙伴夸夸夸之后，我今天的春晚就算看完了。,,,,,0,5,1,2023/1/21 22:42,OnePlus 8T,,,,,普通用户
4.86045E+15,Mpmy0FgTz,1970476207,呀是樱,还得是本山大叔！！！我叫白云我叫黑土,,,,,0,0,6602,2023/1/21 20:39,iPhone客户端,,,4.86044E+15,,普通用户
4.86044E+15,MpmlUrgkK,6030731062,假木头真十一,我叫白云我叫黑土我71我75//@冷知识bot:小锤40大锤80//@Aoido弦歌:那真是锣鼓喧天鞭炮齐鸣红旗招展人山人海呀//@花阳甜一时://@渡劫大尊:打败你的不是天真是无鞋//@无声铃鹿·:下蛋公鸡公鸡中的战斗机欧耶,,,"冷知识bot,Aoido弦歌,花阳甜一时,渡劫大尊,无声铃鹿·",,0,0,6602,2023/1/21 20:09,HUAWEI Mate 50 Pro,,,4.86044E+15,,普通用户
4.86107E+15,MpCPuyZ4y,6205710279,再来一罐-,我叫白云我叫黑土,,,,,0,9,10,2023/1/23 14:06,iPhone 14,"https://wx4.sinaimg.cn/large/006LYwJhgy1hadjtirbl2j30c50kvtao.jpg,https://wx2.sinaimg.cn/large/006LYwJhgy1hadjtj7m20j30ax0kzdhj.jpg",,,,普通用户
4.86411E+15,MqTNXmL1Q,6321060050,·Truffle·,我求你了谁教你这么戴帽子的….,,,,,10,49,134,2023/1/31 23:09,APO??iPhone客户端,"https://wx4.sinaimg.cn/large/006TMwtsly1han8hbt3d4j30sq173tdr.jpg,https://wx2.sinaimg.cn/large/006TMwtsly1han8hbflp5j30sb16gjwc.jpg,https://wx3.sinaimg.cn/large/006TMwtsly1han8hc2uv5j30sj16sgqj.jpg",,,,
4.86434E+15,MqZPAftX4,7218222118,Krabbypatty_蟹黄堡,我叫白云我叫黑土,,,,,0,0,134,2023/2/1 14:29,真我GT大师探索版,,,4.86411E+15,,普通用户
4.86754E+15,Msl1tEwfz,2507793553,连老师up,我叫白云我叫黑土哈哈#娱乐##明星#L连老师up的微博视频,,,,"娱乐,明星",0,0,0,2023/2/10 10:17,微博视频号,,"http://f.video.weibocdn.com/o0/0ymDputslx0832a9c0FO010412004hbS0E010.mp4?label=mp4_720p&template=1314x720.25.0&ori=0&ps=1BVp4ysnknHVZu&Expires=1765422080&ssig=r%2FLm5ALniq&KID=unistore,video",,,黄V
4.87126E+15,MtTJ44xSn,1869639990,eluppl·_·,A材夫妇超话准备去搭地铁回家的路上经过星巴克碰到尹材赫和asahi买完咖啡提着走出来??,,,,,685,43,1421,2023/2/20 16:28,A材夫妇超话,"https://wx2.sinaimg.cn/large/6f707136gy1hba19vn9tpj20wi1ls4bs.jpg,https://wx2.sinaimg.cn/large/6f707136gy1hba19wg918j20wi1lstm6.jpg",,,,
4.87129E+15,MtUuK7lbT,6553685740,追杀天使在人间,我叫白云我叫黑土我七十一我七十五我属鸡我属虎这是我老公这是我老母,,,,,0,0,1421,2023/2/20 18:25,iPhone客户端,,,4.87126E+15,,普通用户
4.87348E+15,MuPrm2VRs,7763211240,怕打蜡笔,？？？？？？你们俩真的很像校园恋爱,,,,,25,5,12,2023/2/26 19:23,HUAWEI P40 Pro 5G,https://wx4.sinaimg.cn/large/008tnDSwgy1hbh42mmo6yj32yo200qv5.jpg,,,,
4.87351E+15,MuQsrmWRE,7788682888,実夏柠檬,啊啊啊啊啊啊啊啊//@魔法猫猫崩溃饼干:我叫白云我叫黑土我今年26我今年27我属牛我属鼠//@_DnpImB:笑死了你俩这什么眼神//@炫疯大机脖:我爸妈背着我在餐桌上眉来眼去的时候也是这样//@刻薄叁叁:白云黑土校园版,,,"魔法猫猫崩溃饼干,_DnpImB,炫疯大机脖,刻薄叁叁",,0,0,12,2023/2/26 21:59,iPhone客户端,,,4.87348E+15,,普通用户
4.8735E+15,MuQ6QzW4C,2258799513,来自快乐星球的酒蒙子,这是我老公，这是我老母//@魔法猫猫崩溃饼干:我叫白云我叫黑土我今年26我今年27我属牛我属鼠//@_DnpImB:笑死了你俩这什么眼神//@炫疯大机脖:我爸妈背着我在餐桌上眉来眼去的时候也是这样//@刻薄叁叁:白云黑土校园版,,,"魔法猫猫崩溃饼干,_DnpImB,炫疯大机脖,刻薄叁叁",,0,0,12,2023/2/26 21:06,HUAWEI Mate 30 5G,,,4.87348E+15,,普通用户
4.87349E+15,MuPTo3xI8,6559269299,#NAME?,饶了我吧哈哈哈哈哈哈哈//@魔法猫猫崩溃饼干:我叫白云我叫黑土我今年26我今年27我属牛我属鼠//@_DnpImB:笑死了你俩这什么眼神//@炫疯大机脖:我爸妈背着我在餐桌上眉来眼去的时候也是这样//@刻薄叁叁:白云黑土校园版,,,"魔法猫猫崩溃饼干,_DnpImB,炫疯大机脖,刻薄叁叁",,1,0,12,2023/2/26 20:33,心碎受抚慰iPhone 14 Pro Max,,,4.87348E+15,,普通用户
4.87349E+15,MuPItq5oX,5301056613,假期简亓等于零,我叫白云我叫黑土我今年26我今年27我属牛我属鼠//@_DnpImB:笑死了你俩这什么眼神//@炫疯大机脖:我爸妈背着我在餐桌上眉来眼去的时候也是这样//@刻薄叁叁:白云黑土校园版,,,"_DnpImB,炫疯大机脖,刻薄叁叁",,10,21,12,2023/2/26 20:06,咬葡酱的狗HarmonyOS设备,,,4.87348E+15,,普通用户
4.88364E+15,Mz5Lpttbt,7157493657,BlueooT,我叫白云我叫黑土,,,,,0,0,0,2023/3/26 20:18,vivo手机,https://wx2.sinaimg.cn/large/007Oo745ly1hcdizueo1lj31400u07ba.jpg,,,,普通用户
4.88542E+15,MzQaI8FlP,6799127708,波兰女皇和座下十万狂徒,418【透过】采访中的259,,,,,4,0,25,2023/3/31 18:27,iPhone客户端,https://wx4.sinaimg.cn/large/007q8rI8ly1hcj7vtrx7fj30u00u0wie.jpg,,,,
4.88544E+15,MzQFQ0fGq,5482069003,仙云泽,哈哈哈哈哈哈哈哈//@讨厌咸豆花:我属鸡我属虎//@我的cp请离婚:我71我75//@等离子全息鸟翅:我叫白云我叫黑土,,,"讨厌咸豆花,我的cp请离婚,等离子全息鸟翅",,0,0,25,2023/3/31 19:43,真我10 Pro+,,,4.88542E+15,,普通用户
4.88542E+15,MzQcHBaKM,7603715716,讨厌咸豆花,我属鸡我属虎//@我的cp请离婚:我71我75//@等离子全息鸟翅:我叫白云我叫黑土,,,"我的cp请离婚,等离子全息鸟翅",,1,0,25,2023/3/31 18:32,远离乒乓的Android,,,4.88542E+15,,普通用户
4.88542E+15,MzQch7h1F,7798912717,一直游到羊水变凉,我71我75，我属鸡我属虎，这是我老公这是我老母//@等离子全息鸟翅:我叫白云我叫黑土,,,等离子全息鸟翅,,2,0,25,2023/3/31 18:31,微博轻享版,,,4.88542E+15,,普通用户
4.88542E+15,MzQbfuPQp,5522341432,是鸟也其翼若垂天之云,我叫白云我叫黑土,,,,,3,0,25,2023/3/31 18:28,榨??机HarmonyOS设备,,,4.88542E+15,,普通用户
4.8956E+15,ME7593MjB,2731728324,王鹤棣_Dylan,程嘉树成长中??,,,,,100万+,391191,2213094,2023/4/28 20:51,iPhone 14 Pro Max,"https://wx4.sinaimg.cn/large/a2d2ddc4gy1hdfpc23aa7j20zk1bfwkd.jpg,https://wx2.sinaimg.cn/large/a2d2ddc4gy1hdfpc1g9v7j22c02c0kjn.jpg",,,,
4.89562E+15,ME7s3hiPL,6859356576,山野平川与向日葵,回复@王鹤棣_Dylan:我叫白云我叫黑土我今年七十三我七十五我属鸡我属虎??//@王鹤棣_Dylan:大花袄子咋样,,,王鹤棣_Dylan,,0,0,2213094,2023/4/28 21:47,清华的小紫荆,,,4.8956E+15,,普通用户
4.89655E+15,MEvKO7l0M,5492851940,奥总和小熊,款式挺像的截到有点奇怪的表情,,,,,3,6,6,2023/5/1 11:40,i美彼 i98Android,"https://wx2.sinaimg.cn/large/005ZJrI8gy1hdiqbj1a80j30qo13zjxl.jpg,https://wx2.sinaimg.cn/large/005ZJrI8gy1hdiqbkkah8j30u01t0wo9.jpg",,,,
4.89655E+15,MEvOWCxZF,7366986213,那时的樱花分外美,srds我真的好想笑第二张图那个字幕仿佛我叫白云我叫黑土的即视感笑死我了??,,,,,1,0,6,2023/5/1 11:50,iPhone,,,4.89655E+15,,普通用户
4.9013E+15,N0xGNjx60,7508613972,凌晨芬梨道上,我叫白云我叫黑土我71我75我属鸡我属虎,,,,,0,0,2,2023/5/14 13:47,,"https://wx2.sinaimg.cn/large/008c9nuYgy1hdxv60n1o8j30dt0zsacv.jpg,https://wx4.sinaimg.cn/large/008c9nuYgy1hdxv6jr5maj30ef0tawgu.jpg",,,,红V
4.90651E+15,N2JsJy4BN,6871390978,快乐追星十级学渣,互联网真换了一批人啊我老了#竟然有人不认识宋丹丹#,,,,竟然有人不认识宋丹丹,187,1166,32526,2023/5/28 23:26,iPhone 12,"https://wx1.sinaimg.cn/large/007v1EGKly1heeihcrqijj30u00ckq4y.jpg,https://wx2.sinaimg.cn/large/007v1EGKly1hef2pggn0dj30k00f0q4f.jpg",,,,
4.90669E+15,N2NVhc3Fl,5536192484,是日风和天气清,时代的眼泪//@愿有生之年得偿所愿:我叫白云我叫黑土～～我今年71，我今年75～～这是我老公，这是我老母～//@昼颜壹:下蛋公鸡，公鸡中滴战斗鸡，哦耶！,,,"愿有生之年得偿所愿,昼颜壹",,0,0,32526,2023/5/29 10:47,Android客户端,,,4.90651E+15,,黄V
4.90666E+15,N2NbdaGQq,6583569738,Fauxxxxxxx,爱小品人真的有滤镜（好久远了啊//@愿有生之年得偿所愿:我叫白云我叫黑土～～我今年71，我今年75～～这是我老公，这是我老母～//@昼颜壹:下蛋公鸡，公鸡中滴战斗鸡，哦耶！,,,"愿有生之年得偿所愿,昼颜壹",,0,0,32526,2023/5/29 8:54,iPhone 13,,,4.90651E+15,,黄V
4.90656E+15,N2KHnATd6,7377941797,银钩小草晚天凉,//@愿有生之年得偿所愿:我叫白云我叫黑土～～我今年71，我今年75～～这是我老公，这是我老母～//@昼颜壹:下蛋公鸡，公鸡中滴战斗鸡，哦耶！,,,"愿有生之年得偿所愿,昼颜壹",,0,0,32526,2023/5/29 2:35,Android,,,4.90651E+15,,普通用户
4.91763E+15,N7oAT3E0q,6530518366,专业猫咪修脚,我叫白云我叫黑土,,,,,0,0,1,2023/6/28 15:30,iPhone客户端,https://wx1.sinaimg.cn/large/0077Xo9oly1hfdyx4be9dj30g30g3dgn.jpg,,,,普通用户
4.91851E+15,N7LCSCAXH,1805993011,URAFever,这不就是……#goodomens#,,,,good omens,2082,65,2304,2023/7/1 2:08,好兆头超话,"https://wx4.sinaimg.cn/large/6ba54433ly1hfgslmq8yqj20dl08ddlt.jpg,https://wx3.sinaimg.cn/large/6ba54433ly1hfgslmx2smj215j0wigv6.jpg",,,,
4.91882E+15,N7THxfiKn,7185700397,只鹅沢,我叫白云我叫黑土//@Anubis番茄:《好子2》//@重工组长于彦舒:草//@润吉x橙_:是,,,"Anubis番茄,重工组长于彦舒,润吉x橙_",,0,0,2304,2023/7/1 22:42,iQOO Z1 5G性能先锋,,,4.91851E+15,,普通用户
4.92203E+15,N9eZy7wfi,6454059090,大晚成型,【动态】230710平野紫耀神宮寺勇太公式IG个人简介更新26yo????25yo???#じぐひら,,,,,86,0,127,2023/7/10 18:44,,"https://wx3.sinaimg.cn/large/0072MzBggy1hfrzyzdm7nj30u00eh0ui.jpg,https://wx4.sinaimg.cn/large/0072MzBggy1hfrzyzzmvqj30u00ekq4m.jpg",,,,
4.92204E+15,N9fo9r9NS,5752662785,maaaax13,介四我老公介四我老母//@杏仁露热的好喝派:我叫白云我叫黑土我今年八十七我今年八十五,,,杏仁露热的好喝派,,0,0,127,2023/7/10 19:45,Android,,,4.92203E+15,,普通用户
4.92345E+15,N9PZziKHW,7216802101,qrafcxnkpywgdklahsy,哎哟被幽默到了我叫白云我叫黑土这是我老公这是我老母即视感,,,,,0,0,0,2023/7/14 16:56,荣耀20S,https://wx1.sinaimg.cn/large/007SoXTTgy1hfwjbioi5vj30sh0umacx.jpg,,,,普通用户
4.93255E+15,NdEEenrnL,2283120210,SUNsChouer,鑫华怒放超话。。。。。。。。,,,,,15,52,120,2023/8/8 19:24,鑫华怒放超话,https://wx3.sinaimg.cn/large/8815a652ly1hgpk3nsp4sj20m20gkq58.jpg,,,,
4.93259E+15,NdFOffuiB,6341791055,化境的小笼瓜,咯咯咯咯咯//@生吃占心折花花:棒打狍子瓢舀鱼，野鸡飞到饭锅里//@超级大笨蛋1649:我叫白云我叫黑土,,,"生吃占心折花花,超级大笨蛋1649",,0,0,120,2023/8/8 22:22,荣耀30 Pro 5G,,,4.93255E+15,,普通用户
4.93257E+15,NdFeSrV9R,7832242779,重返月球_,爱看//@拎啦拎啦拎啦拎啦:这是我老公，这是我老母//@生吃占心折花花:棒打狍子瓢舀鱼，野鸡飞到饭锅里//@超级大笨蛋1649:我叫白云我叫黑土,,,"拎啦拎啦拎啦拎啦,生吃占心折花花,超级大笨蛋1649",,0,0,120,2023/8/8 20:54,iPhone客户端,,,4.93255E+15,,黄V
4.93256E+15,NdEWqyF0t,7527499669,拎啦拎啦拎啦拎啦,这是我老公，这是我老母//@生吃占心折花花:棒打狍子瓢舀鱼，野鸡飞到饭锅里//@超级大笨蛋1649:我叫白云我叫黑土,,,"生吃占心折花花,超级大笨蛋1649",,1,0,120,2023/8/8 20:09,vivo Y76s,,,4.93255E+15,,普通用户
4.93255E+15,NdEPYqIPj,6045475330,勺均的,//@生吃占心折花花:棒打狍子瓢舀鱼，野鸡飞到饭锅里//@超级大笨蛋1649:我叫白云我叫黑土,,,"生吃占心折花花,超级大笨蛋1649",,0,0,120,2023/8/8 19:53,微博网页版,,,4.93255E+15,,普通用户
4.93255E+15,NdENKr1IW,7826482658,生吃占心折花花,棒打狍子瓢舀鱼，野鸡飞到饭锅里//@超级大笨蛋1649:我叫白云我叫黑土,,,超级大笨蛋1649,,4,0,120,2023/8/8 19:48,,,,4.93255E+15,,普通用户
4.93324E+15,NdWHmE5nh,6359803624,MONSTAX_Info,230806SHOWNU人歌舞台现场,,,,,13,0,65,2023/8/10 17:21,,"https://wx2.sinaimg.cn/large/006Wp5rOgy1hgrrs0mahxj31e0230x6p.jpg,https://wx1.sinaimg.cn/large/006Wp5rOgy1hgrrs2c7drj31e0230b29.jpg,https://wx1.sinaimg.cn/large/006Wp5rOgy1hgrrs3otlfj31e0230e81.jpg,https://wx3.sinaimg.cn/large/006Wp5rOgy1hgrrs4x0naj31e0230e81.jpg,https://wx1.sinaimg.cn/large/006Wp5rOgy1hgrrs633v2j31e0230qv5.jpg,https://wx1.sinaimg.cn/large/006Wp5rOgy1hgrrs7f8imj32301e0hdt.jpg,https://wx1.sinaimg.cn/large/006Wp5rOgy1hgrrsbp1jej32301e0npd.jpg,https://wx1.sinaimg.cn/large/006Wp5rOgy1hgrrsd9asxj32301e0e81.jpg,https://wx1.sinaimg.cn/large/006Wp5rOgy1hgrrsf4purj32301e0kjl.jpg",,,,
4.93325E+15,NdX4FybkW,7365833384,火箭不會念經,我叫白云我叫黑土我七十一我七十五,,,,,0,0,65,2023/8/10 18:19,iPhone,,,4.93324E+15,,普通用户
4.93411E+15,Nejh6lwm1,7791768119,东西伯利亚黑王巨蟒,又被南北方文化差异狠狠创死..真的会有人不知道宫廷玉液酒和我叫白云我叫黑土吗...,,,,,0,1,0,2023/8/13 2:50,HUAWEI P50 Pro,,,,,普通用户
4.93877E+15,NggzAAZQP,7784072996,梁時九分至,230825┃WeverseLive:??1000天??祯元啊给我也靠靠...????L梁時九分至的微博视频,,,,,18,0,113,2023/8/25 23:38,微博视频号,,"http://f.video.weibocdn.com/o0/SUKq1TtFlx0885FICNpK010412001pLM0E010.mp4?label=mp4_hd&template=434x434.24.0&ori=0&ps=1BVp4ysnknHVZu&Expires=1765424541&ssig=wVoGDUQHky&KID=unistore,video",,,
4.93877E+15,NggAomiEw,7338373965,卟直捣铄什么好,我叫白云我叫黑土查看图片,,,,,0,0,113,2023/8/25 23:40,iPhone 12 Pro,,,4.93877E+15,,普通用户
4.9395E+15,NgzEKeCWi,2904833503,KnockBeanxxx,我叫白云我叫黑土,,,,,0,1,0,2023/8/28 0:13,lemmonxxxAndroid,https://wx3.sinaimg.cn/large/ad243ddfly1hhbr7mjqepj20tz0u00xg.jpg,,,,普通用户
4.94405E+15,NitWe4NLx,2692892773,好运狗卷子,我正在听随机波动StochasticVolatility的《双雪涛对话梁龙：我叫白云我叫黑土，我要孤独我要幸福|随机波动·宝珀理想国文学奖》，分享给你听听～O网页链接（via@小宇宙播客App）救命啊笑死了为什么这个播客这么好笑,,,小宇宙播客App,,1,0,0,2023/9/9 13:20,,https://wx3.sinaimg.cn/large/a0824865ly1hhq9e0o0t6j20m80m8q4a.jpg,,,,普通用户
4.95573E+15,NnnITyjbo,6791750635,小狗冰棍,我真不行了,,,,,99,17,95,2023/10/11 18:42,,https://wx1.sinaimg.cn/large/007pDuB5ly1hirijiv05yj30ma19m78l.jpg,,,,
4.95573E+15,NnnMu3L3P,6736278936,乌拉这啦,我叫白云我叫黑土//@一个饼干_:精神小伙组合//@丸崽蟹雪碧:kswl农民工夫妇,,,"一个饼干_,丸崽蟹雪碧",,0,0,95,2023/10/11 18:51,iPhone客户端,,,4.95573E+15,,黄V
4.95992E+15,Np8SzfsCB,7090926618,智能铁锈,我叫白云我叫黑土我属鸡我属虎我今年七十一我今年七十五这是我老公这是我老母,,,,,0,0,2,2023/10/23 8:35,iPhone客户端,https://wx3.sinaimg.cn/large/007JSNWagy1hj4wdcdncbj30cq0d0gnj.jpg,,,,普通用户
4.96491E+15,NreA7Bp9I,7728896831,我和我的床相依为命,妈呀原来抱了就是亲了那我们楚苏早在十六年前就舌吻100次了,,,,,7,8,42,2023/11/6 2:47,,,,,,
4.96503E+15,NrhHwnPvz,5993460339,专卖青岛土特产,1和5能成为cp的情况只听过一种：我叫白云我叫黑土我71我75//@阳光女高中生魂兮归来版:啊啊啊啊哈哈哈哈哈哈哈哈//@我和我的床相依为命:不是这个好好笑，星期一和星期五中间差多少天心里没数吗//@Ace光明的未来:一个第一一个第五说搞到双强了别太离谱,,,"阳光女高中生魂兮归来版,我和我的床相依为命,Ace光明的未来",,0,2,42,2023/11/6 10:43,iPhone客户端,,,4.96491E+15,,普通用户
4.96698E+15,Ns6yAtFBK,6244540051,LoverPoetry_金钟云情诗集,金钟云超话#艺声的那年今日#四年前的今天【考古向】191111新加坡??韩国机场饭拍18P(出处见评论),,,,艺声的那年今日,2,2,37,2023/11/11 20:11,金钟云超话,"https://wx3.sinaimg.cn/large/006OBs7Vly1hjrf7uk5mmj30sg1ag481.jpg,https://wx1.sinaimg.cn/large/006OBs7Vly1hjrf7v69vgj30sg19kai6.jpg,https://wx3.sinaimg.cn/large/006OBs7Vly1hjrf7vkmdqj30dw0mt0v9.jpg,https://wx1.sinaimg.cn/large/006OBs7Vly1hjrf7vzwkgj311f1hwwox.jpg,https://wx3.sinaimg.cn/large/006OBs7Vly1hjrf8883cqj30xc1e0drm.jpg,https://wx4.sinaimg.cn/large/006OBs7Vly1hjrf7wdrz5j30eg0lotcr.jpg,https://wx2.sinaimg.cn/large/006OBs7Vly1hjrf7zt7kej30g00sg0ui.jpg,https://wx2.sinaimg.cn/large/006OBs7Vly1hjrf7xlj84j30g00sgdib.jpg,https://wx2.sinaimg.cn/large/006OBs7Vly1hjrf7x64akj30rf13in85.jpg",,,,
4.96699E+15,Ns6B9EgPM,6991703274,那边的便利店喧嚣的风儿只要半价,我叫白云我叫黑土,,,,,0,0,37,2023/11/11 20:18,Android,,,4.96698E+15,,普通用户
4.97531E+15,NvB29vsjr,5861133118,矛盾波动睡眠,我叫白云我叫黑土,,,,,0,3,3,2023/12/4 19:18,睡不醒的iPhone,"https://wx1.sinaimg.cn/large/006oEIt8gy1hkhyzu2tzgj322x1k74qp.jpg,https://wx4.sinaimg.cn/large/006oEIt8gy1hkhyzuyidjj32jy1wyhdt.jpg,https://wx3.sinaimg.cn/large/006oEIt8gy1hkhz0shw5xj32bc334b29.jpg,https://wx1.sinaimg.cn/large/006oEIt8gy1hkhyzw97l2j32r0229kjl.jpg,https://wx1.sinaimg.cn/large/006oEIt8gy1hkhyzt5k68j31su2eh7ur.jpg,https://wx4.sinaimg.cn/large/006oEIt8gy1hkhyzxfz9cj32402tckjl.jpg,https://wx4.sinaimg.cn/large/006oEIt8gy1hkhyzyfq26j31xk2krb29.jpg,https://wx4.sinaimg.cn/large/006oEIt8gy1hkhz0to6s5j32bc334hdt.jpg,https://wx3.sinaimg.cn/large/006oEIt8gy1hkhz0uii1mj32fz1tz7wh.jpg",,,,普通用户
4.97645E+15,Nw4SSEWPz,6381360478,whsmvcnxbdbsdgs,我叫白云我叫黑土我七十一我七十五这是我老公这是我老母,,,,,0,0,0,2023/12/7 23:17,iPhone客户端,,,,,普通用户
4.97348E+15,NuPDs0X3X,7778100590,老爹站经典版,??时光时光慢些吧,,,,,1753,1541,23579,2023/11/29 18:38,丑男???我的常驻嘉宾,https://wx2.sinaimg.cn/large/008uo7hkgy1hkc5s1oj48j30go0lk76c.jpg,,,,
4.97624E+15,NvZeuEKPY,7816351533,别学了行吗,哈哈哈哈哈哈哈哈哈哈哈哈哈//@治一下病:笑喷喷//@托来拖去:我叫白云我叫黑土我71我75//@诠套代餐:啊啊啊啊啊//@PillarsofHercules:电视机怎么黑屏了,,,"治一下病,托来拖去,诠套代餐,PillarsofHercules",,0,0,23579,2023/12/7 8:54,iPhone 14 Pro,,,4.97348E+15,,普通用户
4.9761E+15,NvVLEcTjc,7633306421,托来拖去,我叫白云我叫黑土我71我75//@诠套代餐:啊啊啊啊啊//@PillarsofHercules:电视机怎么黑屏了,,,"诠套代餐,PillarsofHercules",,4,2,23579,2023/12/7 0:05,iPhone客户端,,,4.97348E+15,,普通用户
4.98225E+15,NyvMKB2JM,7690117966,我是一只被你变忧郁的小狗,赵本山对我的影响是我现在依然可以脱口而出一些小品：我叫白云我叫黑土我属鸡我属虎我今年八十七我今年八十五这是我老伴儿这是我老母,,,,,0,2,1,2023/12/23 23:27,,,,,,普通用户
4.98583E+15,NA0XurMuo,7276947819,八四两四大西瓜,20240102回家,,,,,153,90,2671,2024/1/2 20:39,诗情画奕超话,"https://wx4.sinaimg.cn/large/007Wtky7ly1hlfkbej6qbj335s23vkjp.jpg,https://wx2.sinaimg.cn/large/007Wtky7ly1hlfkb6lu4kj32k61fu4qr.jpg,https://wx2.sinaimg.cn/large/007Wtky7ly1hlfkc3sfzhj335s23ukjp.jpg,https://wx2.sinaimg.cn/large/007Wtky7ly1hlfkblgy5vj335s23ub2b.jpg,https://wx3.sinaimg.cn/large/007Wtky7ly1hlfkbsibsxj335s47oe88.jpg,https://wx2.sinaimg.cn/large/007Wtky7ly1hlfkb0vpuej335s23ue85.jpg,https://wx1.sinaimg.cn/large/007Wtky7ly1hlfkcfuve7j335s23ue85.jpg,https://wx4.sinaimg.cn/large/007Wtky7ly1hlfkbu8xwjj30w51c77vm.jpg,https://wx4.sinaimg.cn/large/007Wtky7ly1hlfkck2g4nj335s23ue84.jpg",,,,
4.98584E+15,NA0ZSnCLV,5605949041,Eommaroon,//@行为约束大师:我叫白云我叫黑土我七十一我七十五,,,行为约束大师,,0,0,2671,2024/1/2 20:45,?iPhone客户端,,,4.98583E+15,重庆,普通用户
4.98729E+15,NACJihAmG,7805306582,我不是你的宿敌遗憾是你的宿命,看到费翔带货了，我问我妈，费翔真那么火吗我妈：反正俺那时候很??的感慨一下原来春晚还能因为节目造就真国民级顶流，还有宫廷玉液酒一百八一杯皇军托我给您带个话下蛋公鸡公鸡中的战斗鸡哦耶我叫白云我叫黑土眼睛一闭不争这辈子就过去了。。我妹都很难理解为什么原来要看春晚，，因为原来是真的好看。。。,,,,,0,0,2,2024/1/6 20:48,微博轻享版,,,,,普通用户
4.98735E+15,NAEuIrptc,5140444615,w1sh_ovorythingo2d,我叫白云我叫黑土咱黑土即使残忍侧对昔日爱妻也要无时不刻都是展现24k超绝世界仅一的黄金右脸啊,,,,,0,4,4,2024/1/7 1:18,,https://wx4.sinaimg.cn/large/005BSMt1gy1hlkew2qgs4j31kw11xthn.jpg,,,,黄V
4.9882E+15,NB0u0mdr9,7394892032,萨摩耶受益者联盟,白云和乌云一起降落在草坪！ig：daniel_umkaL萨摩耶受益者联盟的微博视频,,,,,180,67,2225,2024/1/9 9:16,微博视频号,,"http://f.video.weibocdn.com/o0/nCu6P9d4lx08bBeu25kc0104120050kA0E010.mp4?label=mp4_720p&template=720x1280.24.0&ori=0&ps=1BVp4ysnknHVZu&Expires=1765426252&ssig=Nulx%2F3Mpx6&KID=unistore,video",,,
4.98823E+15,NB19io9hI,7375922254,幻想漫游_,我满脑子：我叫白云我叫黑土,,,,,0,0,2225,2024/1/9 10:58,iPhone 14 Pro Max,,,4.9882E+15,,普通用户
4.98877E+15,NBfmjFEiB,5987096427,恶魔的派对,我服了//@我真的想恰麦当劳:………你等会//@_Blur_Ni9ht_No_Blue_:……//@男人如If:我叫白云我叫黑土他是我老公她是我老母//@没见过蓝色小猫:春晚原来在这演//@一不小心看笔记:白云黑土,,,"我真的想恰麦当劳,_Blur_Ni9ht_No_Blue_,男人如If,没见过蓝色小猫,一不小心看笔记",,0,0,0,2024/1/10 23:09,,,,,四川,普通用户
4.98877E+15,NBflDiJKT,6205740579,HanniBunnylovesJoshi,早知道留三十儿晚上刷手机了……//@我真的想恰麦当劳:………你等会//@_Blur_Ni9ht_No_Blue_:……//@男人如If:我叫白云我叫黑土他是我老公她是我老母//@没见过蓝色小猫:春晚原来在这演//@一不小心看笔记:白云黑土,,,"我真的想恰麦当劳,_Blur_Ni9ht_No_Blue_,男人如If,没见过蓝色小猫,一不小心看笔记",,0,0,0,2024/1/10 23:07,iPhone 14 Pro Max,,,,,普通用户
4.98877E+15,NBfg9tI7D,6055623372,猪饼脑袋_,给我笑癫了//@捏捏咻兔耳:笑死//@兔子园园长:啊啊啊啊啊啊//@男人如If:我叫白云我叫黑土他是我老公她是我老母//@没见过蓝色小猫:春晚原来在这演//@一不小心看笔记:白云黑土,,,"捏捏咻兔耳,兔子园园长,男人如If,没见过蓝色小猫,一不小心看笔记",,0,0,0,2024/1/10 22:53,,,,,,普通用户
4.98876E+15,NBf9NiCMN,7035924283,Preservedplumghost,啊啊啊啊啊啊啊啊啊啊//@兔子园园长:啊啊啊啊啊啊//@男人如If:我叫白云我叫黑土他是我老公她是我老母//@没见过蓝色小猫:春晚原来在这演//@一不小心看笔记:白云黑土,,,"兔子园园长,男人如If,没见过蓝色小猫,一不小心看笔记",,0,0,0,2024/1/10 22:38,Redmi K50,,,,,普通用户
4.98876E+15,NBf3fjlpx,5636859506,hannishu,啊啊啊//@我真的想恰麦当劳:………你等会//@_Blur_Ni9ht_No_Blue_:……//@男人如If:我叫白云我叫黑土他是我老公她是我老母//@没见过蓝色小猫:春晚原来在这演//@一不小心看笔记:白云黑土,,,"我真的想恰麦当劳,_Blur_Ni9ht_No_Blue_,男人如If,没见过蓝色小猫,一不小心看笔记",,0,0,0,2024/1/10 22:22,微博轻享版,,,,,黄V
4.98876E+15,NBeWm3GaE,7773056902,Peekaboorabbit,啊啊啊啊啊啊//@男人如If:我叫白云我叫黑土他是我老公她是我老母//@没见过蓝色小猫:春晚原来在这演//@一不小心看笔记:白云黑土,,,"男人如If,没见过蓝色小猫,一不小心看笔记",,4,0,0,2024/1/10 22:05,,,,,,普通用户
4.98875E+15,NBeUqaZd4,7835497085,-TakeMyLoveAway-,……//@男人如If:我叫白云我叫黑土他是我老公她是我老母//@没见过蓝色小猫:春晚原来在这演//@一不小心看笔记:白云黑土,,,"男人如If,没见过蓝色小猫,一不小心看笔记",,4,0,0,2024/1/10 22:00,大耳狗的肉桂卷,,,,,普通用户
4.98875E+15,NBeMhk2gW,6049982396,_凌晨亮起,啊啊啊啊啊啊//@男人如If:我叫白云我叫黑土他是我老公她是我老母//@没见过蓝色小猫:春晚原来在这演//@一不小心看笔记:白云黑土,,,"男人如If,没见过蓝色小猫,一不小心看笔记",,0,0,0,2024/1/10 21:40,HarmonyOS设备,,,,,普通用户
4.9888E+15,NBgbwgKeA,2518420044,VoodooHoove_,我叫白云我叫黑土我七十一我七十五我属鸡我属鸡这是我老公这是我老母,,,,,0,0,0,2024/1/11 1:15,iPhone 12,https://wx2.sinaimg.cn/large/961c0a4cly1hlp18qno38j20kg0r9n1y.jpg,,,,普通用户
4.98879E+15,NBfS99CxK,6296426860,小狗爱发呆-,哈哈哈哈//@捏捏咻兔耳:笑死//@兔子园园长:啊啊啊啊啊啊//@男人如If:我叫白云我叫黑土他是我老公她是我老母//@没见过蓝色小猫:春晚原来在这演//@一不小心看笔记:白云黑土,,,"捏捏咻兔耳,兔子园园长,男人如If,没见过蓝色小猫,一不小心看笔记",,0,0,0,2024/1/11 0:27,我机智的小脑瓜,,,,,普通用户
4.99092E+15,NC9bkkWdg,7020267228,跑路时间到,????L跑路时间到的微博视频,,,,,387,30,1192,2024/1/16 21:15,微博视频号,,"http://f.video.weibocdn.com/u0/NCY0BQR8gx08bNcmOdGo010412005fkw0E010.mp4?label=mp4_720p&template=720x1254.24.0&ori=0&ps=1BVp4ysnknHVZu&Expires=1765426361&ssig=WZhsHxOaeX&KID=unistore,video",,,
4.99097E+15,NCaCKiVIN,2140603834,你有两只羊咩,我叫白云我叫黑土我七十一我七十五我属鸡我属狗这是我老公这是我老母查看图片//@Coombsss:宝贝们,,,Coombsss,,0,0,1192,2024/1/17 0:56,iPhone客户端,,,4.99092E+15,,普通用户
4.99204E+15,NCCie5Jyk,6446842451,给情绪喂点维生素B,我叫白云我叫黑土我七十一我七十五查看图片,,,,,0,1,0,2024/1/19 23:22,iPhone 12 Pro,,,,,普通用户
4.99172E+15,NCtXll9IJ,7510182179,我要喝富士山白,这件事要怪我，新找到的小说里男主的代称是乌云，结果我每次看到这两个字都满脑子我叫白云我叫黑土,,,,,0,2,0,2024/1/19 2:09,新浪微博鸿蒙版,,,,,普通用户
4.99311E+15,ND49CaIRU,1939307525,草莓牛奶味的Haru,李马克X李楷灿NewSchool??VS??OldSchool你俩终于cha了啊啊??感动??.L草莓牛奶味的Haru的微博视频,,,,,1751,531,13833,2024/1/22 22:18,微博视频号,,"http://f.video.weibocdn.com/o0/raAxllY2lx08bWPP4S0U01041200nhup0E010.mp4?label=mp4_720p&template=720x1280.24.0&ori=0&ps=1BVp4ysnknHVZu&Expires=1765426421&ssig=6A90ggkHiq&KID=unistore,video",,,
4.99311E+15,ND4eurTme,5591092982,辣味坚果头等舱6号,我叫白云我叫黑土我七十一我八十五,,,,,0,0,13833,2024/1/22 22:30,iPhone客户端,,,4.99311E+15,,普通用户
4.99635E+15,NEqBdnvTG,3475809464,全圆佑_Wonwoo-w-,#全圆佑绝美氛围#?#全圆佑名品美貌#240131[INSIDESEVENTEEN]2023MAMAAWARDSSketch圆佑cut③cr.mus_cat__圆佑：今天的彩排很顺利在韩国也排练了很多遍所以彩排非常顺利啊另外彩排的途中DINO的mixtape公开了那明天见吧拜拜[翻译:勇子]【圆佑个人??：全圆佑的everyone_woo记录】【全圆佑行走画报】【全圆佑清纯美男】【全圆佑名品美貌】【全圆佑真的是猫】L全圆佑_Wonwoo-w-的微博视频,,,,"全圆佑绝美氛围,全圆佑名品美貌",81,30,814,2024/1/31 21:16,Wonwoo全圆佑超话,,"http://f.video.weibocdn.com/o0/fiL7xrmOlx08cb7y1Rq8010412003n180E010.mp4?label=mp4_720p&template=720x720.24.0&ori=0&ps=1BVp4ysnknHVZu&Expires=1765426541&ssig=cU4lHWHWTf&KID=unistore,video",,,
4.99637E+15,NEqVmmTKm,5019113060,JessieSEUNG,我叫白云我叫黑土我七十一我七十五,,,,,0,0,814,2024/1/31 22:06,iPhone客户端,,,4.99635E+15,,普通用户
4.99782E+15,NF2GDqQ27,3884916981,想吃姜的鱼,宫廷玉液酒，一百八一杯你看这道菜群英荟萃，要您老八十，一点儿也不贵我叫白云我叫黑土，我71，我75大锤80小锤40,,,,,0,0,1,2024/2/4 22:14,Android,,,,,普通用户
4.99766E+15,NEYvPlHX2,7730961721,海上明月照沟渠,#一人一句春晚小品经典梗#最喜欢的当然就宋丹丹和赵本山的那个，我叫白云我叫黑土，我今年71我今年75，简直不要太经典,,,,一人一句春晚小品经典梗,0,0,0,2024/2/4 11:37,iPhone客户端,,,,,普通用户
4.99964E+15,NFO2GCLb5,2066686082,昵称要有意义吗,我叫白云我叫黑土我今年73我今年75想念赵本山,,,,,0,3,0,2024/2/9 22:48,HarmonyOS设备,,,,,普通用户
4.9996E+15,NFMXQBIlv,6593871464,天秀bot,你记忆最深刻的一句春晚台词是什么？我的是：眼睛一闭一睁就过去了，眼睛一闭不睁，一辈子就过去了～#春晚##春晚段子大考#,,,,"春晚,春晚段子大考",1248,207,3240,2024/2/9 20:03,,https://wx4.sinaimg.cn/large/007cfdbyly1hmngui35ykj30zu0ocguk.jpg,,,,
4.99963E+15,NFNNDdC6x,5752060316,缤纷浮世绘,我叫白云我叫黑土这是我老公这是我老母//@人间心事bot:点头yes，摇头no//@大猪蹄子研究所:朋友们，我想死你们了//@幼儿园园长熊熊:走两步，没病走两步//@甜星球日报社:我叫白云，我叫黑土//@网上邻居蛋挞挞:队长，别开枪，是我,,,"人间心事bot,大猪蹄子研究所,幼儿园园长熊熊,甜星球日报社,网上邻居蛋挞挞",,0,0,3240,2024/2/9 22:11,iQOO Z5x 性能先锋,,,4.9996E+15,,普通用户
4.99961E+15,NFNkm1dBu,7790088629,immlyn-Eve,我叫白云我叫黑土我七十一我七十五我属鸡我属虎这是我老公这是我老母,,,,,0,0,0,2024/2/9 20:58,Toyota86iPhone客户端,,,,,普通用户
4.9996E+15,NFN7ov7Kj,6383722538,九八小gie炒鸡蛋,我叫白云我叫黑土我七十三我七十五//@冷知识bot:小锤40大锤80//@Aoido弦歌:那真是锣鼓喧天鞭炮齐鸣红旗招展人山人海呀//@花阳甜一时://@渡劫大尊:打败你的不是天真是无鞋//@无声铃鹿·:下蛋公鸡公鸡中的战斗机欧耶,,,"冷知识bot,Aoido弦歌,花阳甜一时,渡劫大尊,无声铃鹿·",,0,0,0,2024/2/9 20:26,vivo S9 极夜柔光自拍,,,,,普通用户
4.99989E+15,NFUCFtenD,5250073167,星星-戒月,我是新春快乐我是万事如意感觉是我叫白云我叫黑土,,,,,0,0,5,2024/2/10 15:33,iPhone 15 Pro Max,,,,,黄V
4.9998E+15,NFScx0DIy,7310219251,狮子霸王,@狮子霸王:大锤80小锤40，宫廷玉液酒一百八一杯，我叫白云我叫黑土，让我念念不忘的是宫廷玉液酒一百八一杯，小编你来抓我呀@辛有志xyz@辛选官方微博评论配图,,,"狮子霸王,辛有志xyz,辛选官方微博",,0,1,0,2024/2/10 9:23,vivo X90,,,,,普通用户
4.99978E+15,NFROmkMbE,5025806618,abcdefghijklmnopqrstuvw___,写不出来“宫廷玉液酒一百八一杯”“大锤八十小锤四十”“我叫白云我叫黑土”等这种质量的小品可以考虑少弄几个语言类了超级没意思,,,,,0,0,0,2024/2/10 8:23,iPhone客户端,,,,,普通用户
5.00574E+15,O2pcsd8KB,7894553799,嘎啦哇叫,我叫白云我叫黑土我七十一我七十五我属鸡我属虎这是我老公这是我老母,,,,,0,0,3,2024/2/26 18:35,,,,,,普通用户
5.00728E+15,O33tyB09M,7900287616,铉然一下怎么尼了,257【嘎嘎】燃俊和轩辰去饭店吃饭。服务员介绍说：今天打折酬宾，情侣或六十岁以上老人免单。轩辰赶紧给燃俊使了个眼色，燃俊表示ok。燃俊：我今年六十五。,,,,,6,8,56,2024/3/2 1:07,,,,,,
5.00785E+15,O3ihqtoww,6443321392,-芊苒苒苒苒苒-,我叫白云我叫黑土,,,,,0,0,56,2024/3/3 14:49,HUAWEI Mate 50,,,5.00728E+15,,普通用户
5.00822E+15,O3rOnuzv1,7770726530,霓虹不良人,大盗。L霓虹不良人的微博视频,,,,,40,5,213,2024/3/4 15:05,微博视频号,,"http://f.video.weibocdn.com/o0/pfdI3M7Dlx08d1luzxk4010412006OhX0E010.mp4?label=mp4_720p&template=720x1280.24.0&ori=0&ps=1BVp4ysnknHVZu&Expires=1765426950&ssig=7kTXV4OWm0&KID=unistore,video",,,
5.00836E+15,O3vpzCtxj,7581775233,得意de日本入,我叫白云我叫黑土//@饼干湿块:机场能不能卡颜,,,饼干湿块,,0,0,213,2024/3/5 0:15,iPad Pro,,,5.00822E+15,,普通用户
5.01405E+15,O5TBbvvZ0,2211565223,一只魈团雀,十年河东十年河西我叫白云我叫黑土我27我25哈哈哈哈哈哈哈哈哈哈哈,,,,,0,0,0,2024/3/20 17:30,HUAWEI Mate 60 Pro,,,,四川,普通用户
5.01976E+15,O8hV9k0Ps,1730482251,追夢人梁朝偉影迷會,【德國新聞】[24.04.04]電影「寂靜的朋友」馬爾堡市政廳城市金書簽字儀式新聞原文->O网页链接【德国城市金书是什么】O网页链接梁朝伟超话,,,,,38,18,142,2024/4/5 11:05,梁朝伟超话,"https://wx1.sinaimg.cn/large/6725104bgy1hofrzz5oopj20zk0hsdir.jpg,https://wx3.sinaimg.cn/large/6725104bgy1hofs0i6xd2j216o0sgn31.jpg",,,,
5.01978E+15,O8isyjBeY,7890219501,Natsukashii1721,//@小信仔的快乐星球:我服了……//@風尼乌呜:你他妈谁//@Catnaaap:我叫白云我叫黑土我七十一他七十五,,,"小信仔的快乐星球,風尼乌呜,Catnaaap",,0,0,142,2024/4/5 12:28,微博网页版,,,5.01976E+15,,普通用户
5.02233E+15,O9n0JfcVh,7778100590,老爹站经典版,??这么好笑？,,,,,252,423,4842,2024/4/12 13:53,小猪猪为你写的情诗,"https://wx1.sinaimg.cn/large/008uo7hkgy1hoo07retvij30p00v3tdd.jpg,https://wx3.sinaimg.cn/large/008uo7hkgy1hoo07qopg4j30p00z0wk0.jpg",,,,
5.02234E+15,O9nem8pdn,6631623675,_你认错人了吧,@愛養活了心臟@没有魅力的人有什么用太好笑了我操啊//@小面包过河自身难保:我叫白云我叫黑土我七十一我七十五,,,"愛養活了心臟,没有魅力的人有什么用,小面包过河自身难保",,0,0,4842,2024/4/12 14:27,李在贤送的iPhone 15 Pro,,,5.02233E+15,,普通用户
5.02234E+15,O9nbf6B3b,7879611132,赛博圣女读电子圣经,我叫白云我叫黑土我七十一我七十五,,,,,2,0,4842,2024/4/12 14:19,iPhone 15 Pro Max,,,5.02233E+15,,普通用户
5.02351E+15,O9RGiv1rd,5604999844,FIIL生活,新品有奖竞猜??NO.1：FIILGS两个颜色分别叫____和____？距FIILGS预售仅剩3天！！关注+带#FIILGS小金标开放式真舒服#转发本博给出你的答案，4月24日抽一位fiiler体验新品~#fiil生活#O抽奖详情,,,,"FIIL GS小金标开放式真舒服,fiil生活",1208,919,477,2024/4/15 19:58,iQOO 10 未来电竞旗舰,https://wx3.sinaimg.cn/large/0067k0vily1horrkag5doj31jl2bc1hl.jpg,,,,
5.02662E+15,ObaAWqo1I,5523910810,wuli汪暖暖ya,#fiilgs小金标开放式真舒服#我叫白云我叫黑土我七十一我七十五,,,,fiil gs小金标开放式真舒服,0,0,477,2024/4/24 9:57,HUAWEI P40 5G,,,5.02351E+15,,普通用户
5.03682E+15,OfrX4xbSu,7582678849,智能人造老鼠,我叫白云我叫黑土,,,,,0,0,4,2024/5/22 13:30,王王入芒来HarmonyOS设备,https://wx3.sinaimg.cn/large/008ha99Lgy1hpy8bolxgyj316m1kwqgc.jpg,,,,普通用户
5.03716E+15,OfAzu0qRd,5524998866,热茶放走蒸汽,文鑫超话#文鑫浪漫不打烊#这几截图真的好偶像剧完年世一！,,,,文鑫浪漫不打烊,149,42,880,2024/5/23 11:26,文鑫超话,"https://wx4.sinaimg.cn/large/0061UkAWgy1hpzabtljq0j31cy35se81.jpg,https://wx4.sinaimg.cn/large/0061UkAWgy1hpza1asavmj31c935skjl.jpg,https://wx1.sinaimg.cn/large/0061UkAWgy1hpza0rbmnoj30r90r9dls.jpg,https://wx2.sinaimg.cn/large/0061UkAWgy1hpza0txrn6j31cn35s4qp.jpg,https://wx2.sinaimg.cn/large/0061UkAWgy1hpza0xbofsj31ce359b29.jpg,https://wx2.sinaimg.cn/large/0061UkAWgy1hpza10n7g1j31e035shdt.jpg,https://wx3.sinaimg.cn/large/0061UkAWgy1hpza15vcxfj30wr0wr11l.jpg,https://wx4.sinaimg.cn/large/0061UkAWgy1hpza1542vaj31tg1tg4pi.jpg,https://wx2.sinaimg.cn/large/0061UkAWgy1hpza16kx1kj30wr0wrjy6.jpg",,,,
5.03716E+15,OfAEIkEJe,6612109930,mbtiisdead,我叫白云我叫黑土,,,,,0,0,880,2024/5/23 11:39,iPhone客户端,,,5.03716E+15,,普通用户
5.04412E+15,OivOLedo2,3772677717,绒绒丸,天呐！矿工,,,,,972,68,888,2024/6/11 16:51,,https://wx1.sinaimg.cn/large/007xgGoMly1hqlhtkvpjcj30u819c7wh.jpg,,,,
5.04413E+15,Oiw3EBH1I,3180288974,魏山山Vera,我叫白云我叫黑土//@一只天天_:我艹哈哈哈哈哈//@我担不是直男:怎么又这么大色差了//@95便士的月亮:哈哈哈哈哈这个手臂分层太明显了点//@临渝秋:看起来好会草..//@-Rem·:羡慕死王一博的冷白皮//@云梦七仙女:黑皮旷工//@有一坨云:黑白分明哈哈哈哈哈哈,,,"一只天天_,我担不是直男,95便士的月亮,临渝秋,-Rem·,云梦七仙女,有一坨云",,0,0,888,2024/6/11 17:28,OPPO Reno9 Pro+ 5G,,,5.04412E+15,,普通用户
5.04635E+15,OjrKi5g0m,7718127780,甘口咖喱,字幕：[烤棉花糖的归农夫妻范儿]？恩钟认证真·夫妻范儿,,,,,153,8,536,2024/6/17 20:19,,"https://wx1.sinaimg.cn/large/008qktBWgy1hqsm9c8lfaj31440n07bz.jpg,https://wx4.sinaimg.cn/large/008qktBWgy1hqsm9cw6drj31490mzajl.jpg",,,,
5.04641E+15,OjthZtuFT,5589550230,_嘉言懿行_,我叫白云我叫黑土,,,,,0,0,536,2024/6/18 0:15,????iPhone 14 Pro,,,5.04635E+15,,普通用户
5.05172E+15,OlHuNxeRo,3809780584,AMNH680,??……,,,,,65,40,2082,2024/7/2 16:06,,https://wx3.sinaimg.cn/large/e314a368ly1hr9r8np9x5j20fm085q4r.jpg,,,,
5.05204E+15,OlPGElrpj,7478785376,您好来一份烤冷面不放香菜多放醋,//@苏晦苏景明:我叫白云我叫黑土，我七十一我七十五.jpg,,,苏晦苏景明,,0,0,2082,2024/7/3 12:57,vivo Y100i,,,5.05172E+15,,普通用户
5.05272E+15,Om7pm45lA,5315848043,一雅一丫呦,//@苏晦苏景明:我叫白云我叫黑土，我七十一我七十五.jpg,,,苏晦苏景明,,0,0,2082,2024/7/5 10:04,iPhone客户端,,,5.05172E+15,,普通用户
5.05454E+15,OmSStyhKp,7796557801,Allen马莳权_PenguinLand,Allen马莳权超话??#allen马莳权瑰意春华#240710??ASC更新Allen相关伦尼的姿势异常稳定————————————————————————??档案微博正文??招新微博正文,,,,allen马莳权瑰意春华,6,0,8,2024/7/10 10:55,Allen马莳权超话,https://wx4.sinaimg.cn/large/008vDyQhly1hrir75egd7j30u00u0wie.jpg,,,,
5.05476E+15,OmYqUbCRG,6457344187,可以带我去南极吗,我叫白云我叫黑土我七十一我七十五,,,,,0,0,8,2024/7/11 1:03,编号0426Android,,,5.05454E+15,,普通用户
5.05544E+15,OngkpfVC8,7871220036,起身跃入了那个世界里,想用全天下最柔软最伶俐的文字来形容描摹产品酱，然后我一落笔就开始疯狂地写我叫白云我叫黑土小锤四十大锤八十亲爱的产品酱们我想死你们了。,,,,,0,0,0,2024/7/12 22:37,iQOO Neo8,,,,,普通用户
5.05564E+15,OnlqV5OzX,2604642861,puth9号,我叫白云我叫黑土我71我75我属鸡我属虎这是我老公这是我老母,,,,,0,0,0,2024/7/13 11:36,微博轻享版,https://wx3.sinaimg.cn/large/9b3fb22dgy1hrm99vfkhdj20u01j6q5o.jpg,,,,普通用户
5.06013E+15,Ope8Eetdv,6222858495,有周罪微信,我叫白云我叫黑土我七十一我七十五。。偶滴妈也黄搓搓介绍那趴即视感。。说话好像白云啊嘿嘿嘿,,,,,0,2,5,2024/7/25 20:43,,,,,,黄V
5.06146E+15,OpMJPFoGj,7767410194,绿茵厨房,7218各位绿茵厨房的朋友们好，各位现在看到的是我们的蹴鞠特别节目，这个节目的特别之处就在于我们请到了两位特殊的嘉宾，他们是来自巴伐利亚农村的一对饱经沧桑的农民夫妇，现在就让我们用掌声有请二位嘉宾：,,,,,42,24,769,2024/7/29 12:48,,https://wx3.sinaimg.cn/large/008tFgdAly1hs4t92jxj2j30y00j40vw.jpg,,,,
5.0616E+15,OpQzTnspi,7507366816,爱吃耶耶和仓鼠的刺身,//@紫菜炖咸鱼:我叫白云我叫黑土我71我75,,,紫菜炖咸鱼,,0,0,769,2024/7/29 22:34,iPhone客户端,,,5.06146E+15,,普通用户
5.0616E+15,OpQpznx8o,6750681836,江河奔流而去,我们巴伐利亚白云黑土??//@Mytearsdryontheirown:感谢tv感谢厨房tv感谢所有tv//@紫菜炖咸鱼:我叫白云我叫黑土我71我75,,,"Mytearsdryontheirown,紫菜炖咸鱼",,0,0,769,2024/7/29 22:09,iQOO Neo5 生而为赢,,,5.06146E+15,,普通用户
5.06148E+15,OpNkV540V,7816090561,黑框薯条_slati,//@紫菜炖咸鱼:我叫白云我叫黑土我71我75,,,紫菜炖咸鱼,,0,0,769,2024/7/29 14:19,OPPO Reno12,,,5.06146E+15,,普通用户
5.06367E+15,OqIqQDm3V,6351795025,小蛋糕zip,碳水也是推拉上了L小蛋糕zip的微博视频,,,,,48,3,273,2024/8/4 15:40,微博视频号,,"http://f.video.weibocdn.com/o0/k4HXVTaQlx08gXqdfWsg01041200282O0E010.mp4?label=mp4_720p&template=920x524.25.0&ori=0&ps=1BVp4ysnknHVZu&Expires=1765428791&ssig=7unpTHn1rX&KID=unistore,video",,,
5.06367E+15,OqIsy4Dfb,5661346089,是小狗舌头,我叫白云我叫黑土我七十一我七十五,,,,,0,0,273,2024/8/4 15:45,iPhone客户端,,,5.06367E+15,,普通用户
5.06521E+15,OrmoszcXZ,5846111949,李爱脸,穿这么美往那一站跟说相声似的。。L李叆脸的微博视频,,,,,27,5,333,2024/8/8 21:24,milklove超话,,"http://f.video.weibocdn.com/o0/LVPw7yrDlx08h4bov7G0010412008dLf0E010.mp4?label=mp4_hd&template=538x750.24.0&ori=0&ps=1BVp4ysnknHVZu&Expires=1765428836&ssig=GMORE2%2Bz3%2F&KID=unistore,video",,,
5.06525E+15,OrnlI9VGZ,5658190495,飞天小AlCu,我叫白云我叫黑土,,,,,3,2,333,2024/8/8 23:50,????iPhone 14 Pro,,,5.06521E+15,,黄V
5.06539E+15,Orrdax5aa,5589005724,Kr1ptonite7,//@THORN_THRONE:颜怡颜悦//@飞天小AlCu:我叫白云我叫黑土,,,"THORN_THRONE,飞天小AlCu",,0,0,333,2024/8/9 9:40,OPPO Find X3,,,5.06521E+15,,普通用户
5.06709E+15,Os9fpF012,5663264406,蝶骨蛇,我叫白云我叫黑土我七十一我七十五我属鸡我属虎我是他老公他是我老母,,,,,0,0,0,2024/8/14 1:47,滑钓iPhone 15(蓝色),,,,,普通用户
5.06794E+15,Osvt4haIG,1764525412,_一个水两个水三个水是羅淼_,我正在听随机波动StochasticVolatility的《双雪涛对话梁龙：我叫白云我叫黑土，我要孤独我要幸福|随机波动·宝珀理想国文学奖》，分享给你听听～O网页链接（via@小宇宙播客App）,,,小宇宙播客App,,0,1,0,2024/8/16 10:21,小宇宙FM,https://wx3.sinaimg.cn/large/692c8564gy1hspi5iw9cpj20m80m8dht.jpg,,,,普通用户
5.06956E+15,OtbH4r4hi,7842096105,黑猫牌泡面,本场贴贴不完全集锦??,,,,,16,2,29,2024/8/20 21:51,5G自拍手机vivo S6,,,,,
5.06957E+15,OtbMQy4rx,6053986376,金钱实在来之不易,对不起但是这个背景颜色我叫白云我叫黑土我是她老公我是他老母//@重生之我是麵包匠人:喜欢看萌物贴贴,,,重生之我是麵包匠人,,0,0,29,2024/8/20 22:05,三星android智能手机,,,5.06956E+15,,黄V
5.07526E+15,OvzOr3dMI,7531863209,胡言乱语日剂,我叫白云我叫黑土中午炖了点茄子土豆凑合一吃就上班来了,,,,,18,30,1139,2024/9/5 14:55,iPhone 12 Pro,"https://wx4.sinaimg.cn/large/008dIVGFly1htcugq0l9gj30zu17n428.jpg,https://wx1.sinaimg.cn/large/008dIVGFly1htcugqr6c6j30zu171jvk.jpg",,,,金V
5.07596E+15,OvS1xv4Rb,6499307123,鲨鱼又怎么了,说，话，也，要，缓，慢，下，来……L鲨鱼又怎么了的微博视频,,,,,763,61,2091,2024/9/7 13:17,wyb爆肏xziPhone客户端,,"http://f.video.weibocdn.com/o0/3j1AfgcVlx08hPuE0SqI010412000RBy0E010.mp4?label=mp4_720p&template=1280x720.25.0&ori=0&ps=1BVp4ysnknHVZu&Expires=1765429212&ssig=TS%2BPoB6JwC&KID=unistore,video",,,
5.07613E+15,OvWyCrrZb,7245935091,你_要不要吃哈密瓜,我笑死了谁说的护工视角@Ya_chaeii//@爻了我:我叫白云我叫黑土我七十三我七十五//@嗲味玻璃妹:这是什么护工视角时光时光慢些吧,,,"Ya_chaeii,爻了我,嗲味玻璃妹",,0,0,2091,2024/9/8 0:50,iPhone客户端,,,5.07596E+15,,普通用户
5.07743E+15,OwuontceX,7923798948,岛原尸油在天堂,我叫白云我叫黑土//@踩宝宝阶梯摔瘸的骡:好会截图啊,,,踩宝宝阶梯摔瘸的骡,,1,0,0,2024/9/11 14:58,vivo Y31s 千元5G,,,,,普通用户
5.08182E+15,OykCmnu0Y,7183422795,娃粉大联盟,救命我快笑晕了,,,,,44,1,70,2024/9/23 17:45,iPhone 13(粉色),https://wx3.sinaimg.cn/large/007Q8UpZgy1htxsjrtxbkj31kw16o7wh.jpg,,,,
5.08183E+15,OykSK8QrJ,7262864822,xxxyl_uuu,我叫白云我叫黑土我七十一我七十五//@咸酷酷:kpop丹丹家族再添五员大将,,,咸酷酷,,0,0,70,2024/9/23 18:26,魚排iPhone 15 Pro Max,,,5.08182E+15,,普通用户
5.09241E+15,OCM52aarl,6729852788,原来大家对彼此都不感兴趣啊,我叫白云我叫黑土我71我75我属鸡我属虎这是我老公这是我老母,,,,,0,0,0,2024/10/22 23:01,荣耀X30i 5G,,,,,普通用户
5.09672E+15,OEAbnaAAQ,2323716724,Goodwaterpigcat,今日收获：图一疑似截出原形图二我叫白云我叫黑土我一米七我一米五,,,,,0,0,0,2024/11/3 20:25,iQOO Neo8,"https://wx1.sinaimg.cn/large/8a811a74ly1hv9bjk5480j22d035c7wk.jpg,https://wx2.sinaimg.cn/large/8a811a74ly1hv9bjmgd0ij22d035ckjn.jpg",,,,普通用户
5.09856E+15,OFm0IbCWi,5667211560,泰Do,出国前：小样，不把你们迷亖。出国后：我叫白云我叫黑土,,,,,0,0,0,2024/11/8 22:10,,"https://wx4.sinaimg.cn/large/006bx2C4ly1hvf6o1s3poj30u011i45w.jpg,https://wx3.sinaimg.cn/large/006bx2C4ly1hvf6o22cwfj30u00u9wgb.jpg,https://wx4.sinaimg.cn/large/006bx2C4ly1hvf6o2amrxj30u0140acu.jpg,https://wx3.sinaimg.cn/large/006bx2C4ly1hvf6o2otm4j30u00j8754.jpg,https://wx4.sinaimg.cn/large/006bx2C4ly1hvf6o2zg14j30u00rawgk.jpg",,,,普通用户
5.09822E+15,OFd9v3sbF,5995414679,百事可乐忠实拥护者,??,,,,,49,0,252,2024/11/7 23:37,,"https://wx1.sinaimg.cn/large/006xK9eLgy1hve3ljpujpj30ql0qlq3o.jpg,https://wx1.sinaimg.cn/large/006xK9eLgy1hve3lk5yjtj30u00u00tq.jpg",,,,
5.09837E+15,OFh7utjUy,6155327007,某天出现的天使,我叫白云我叫黑土我七十一我七十五,,,,,0,0,252,2024/11/8 9:43,微博网页版,,,5.09822E+15,,普通用户
5.10564E+15,P2mQIwnJG,6081150205,牛奶不酥,徐志生禁止随地大小抱,,,,,55,17,149,2024/11/28 11:21,iPhone 15,,,,,
5.10566E+15,P2n8t3Zj3,6507122500,餅乾大王,我叫白云我叫黑土我七十一我七十五我属鸡我属虎这是我老公这是我老母,,,,,0,0,149,2024/11/28 12:04,metmyOtteriPhone 15 Pro,,,5.10564E+15,,普通用户
5.10838E+15,P3vUIpYID,2013185935,都市丽人喵,开心一下晚安??,,,,,117,40,438,2024/12/6 0:16,微博视频号,,"http://f.video.weibocdn.com/o0/cRUbEXM6lx08k8b8Ob6E01041200Fp7l0E010.mp4?label=mp4_720p&template=1280x720.25.0&ori=0&ps=1BVp4ysnknHVZu&Expires=1765430306&ssig=VAZWCFkkWS&KID=unistore,video",,,
5.10838E+15,P3w6masur,7154671336,岛之梦之岛,哈哈哈哈哈哈//@喝不喝葱里的粥:各位朋友欢迎收看小崔说事我叫白云我叫黑土我七十一我七十五这是我老公这是我老母,,,喝不喝葱里的粥,,0,0,438,2024/12/6 0:44,荣耀50 5G,,,5.10838E+15,,普通用户
5.10838E+15,P3w21036g,7741503298,萌萌大王爱修勾,//@喝不喝葱里的粥:各位朋友欢迎收看小崔说事我叫白云我叫黑土我七十一我七十五这是我老公这是我老母,,,喝不喝葱里的粥,,0,0,438,2024/12/6 0:34,,,,5.10838E+15,,黄V
5.10838E+15,P3vZVyfHu,6011086175,晓看云间月_,？啊啊啊啊啊啊。。。我请问呢//@喝不喝葱里的粥:各位朋友欢迎收看小崔说事我叫白云我叫黑土我七十一我七十五这是我老公这是我老母,,,喝不喝葱里的粥,,0,0,438,2024/12/6 0:28,iPhone 15 Pro Max,,,5.10838E+15,,红V
5.10838E+15,P3vYnCLZU,5809498154,喝不喝葱里的粥,各位朋友欢迎收看小崔说事我叫白云我叫黑土我七十一我七十五这是我老公这是我老母,,,,,3,0,438,2024/12/6 0:25,萌物菌比Android,,,5.10838E+15,,红V
5.11122E+15,P4HNxp2NM,6608091281,烘焙高手鼠芙蕾,隐藏摄像机憋不住笑的一坨，其实是北影表演艺术家/L烘焙高手鼠芙蕾的微博视频,,,,,49,5,109,2024/12/13 20:21,徐竟培超话,,"http://f.video.weibocdn.com/o0/GcpNODgOlx08kkGaxrS001041200glnz0E010.mp4?label=mp4_720p&template=960x720.25.0&ori=0&ps=1BVp4ysnknHVZu&Expires=1765430384&ssig=fd35q%2BS65q&KID=unistore,video",,,
5.11122E+15,P4HZmx2uo,7765660363,好呆狗,我叫白云我叫黑土。,,,,,0,0,109,2024/12/13 20:50,,,,5.11122E+15,,黄V
5.1141E+15,P5ULfFaAp,7838699897,唉已经放弃了做个淑女,我叫白云我叫黑土我七十一我七十五我属鸡我属虎这是他老公这是我老母,,,,,0,0,5,2024/12/21 19:12,,https://wx4.sinaimg.cn/large/008yunVvgy1hwsr4je57lj30uk0mxdhl.jpg,,,,红V
5.11485E+15,P6ekldxph,3178365603,仿真海胆,那么多古早春晚小品梗我只知道没病走两步和我叫白云我叫黑土，这是真在电视上看过很多次重播还看过动画版的。什么宫廷玉液酒的，以前听都没听过。,,,,,0,0,0,2024/12/23 21:00,iPhone客户端,,,,,普通用户
5.11507E+15,P6jXc8bSS,7879393278,-427551-,悠悠爱爱等你们七老八十了我也喜欢你们,,,,,40,1,65,2024/12/24 11:20,,,,,,
5.11509E+15,P6kt6rcR5,6912924464,嗯嗯我先滚了,我叫白云我叫黑土,,,,,0,0,65,2024/12/24 12:38,Android,,,5.11507E+15,,普通用户
5.11805E+15,P7zubEpw8,1805982651,大神说,赵本山还是太超前了#2025新愿加载中#L大神说的微博视频,,,,2025新愿加载中,4851,1720,32534,2025/1/1 16:42,微博视频号,,"http://f.video.weibocdn.com/u0/FSABgi2Agx08kOK4lkLK01041200ebih0E010.mp4?label=mp4_720p&template=720x960.24.0&ori=0&ps=1BVp4ysnknHVZu&Expires=1765430636&ssig=eWX1eVBAwo&KID=unistore,video",,,
5.11867E+15,P7PFCyeOl,5863877180,明知是意外yo丶,哈哈哈哈??艹//@Rich_企不是无与伦比:我叫白云我叫黑土//@是我乐乐_:评论配图,,,"Rich_企不是无与伦比,是我乐乐_",,0,0,32534,2025/1/3 9:55,魅族16sPro旗舰手机,,,5.11805E+15,,普通用户
5.11851E+15,P7LtTqcO4,1012642592,巡巡洗流,乖巧的君和和突发恶疾的焊接,,,,,20,0,10,2025/1/2 23:15,Android,,,,,
5.11853E+15,P7M455x2k,7509076211,猪痣豩,我以为是ai//@粉吊娇妻1无脑爱老公:我叫白云我叫黑土我一米七我一米五我属鸡我属虎,,,粉吊娇妻1无脑爱老公,,0,0,10,2025/1/3 0:44,iPhone 14 Pro,,,5.11851E+15,,普通用户
5.11852E+15,P7LS70530,6580816372,无敌的我又封神了,我叫白云我叫黑土我一米七我一米五我属鸡我属虎,,,,,1,0,10,2025/1/3 0:14,vivo X100s Pro,,,5.11851E+15,,普通用户
5.12064E+15,P8EYsoAdQ,7802567043,漆季晕头转向-,我叫白云我叫黑土这是我老公这是我老母//@重生之没有橘子的奶茶:小崔说事,,,重生之没有橘子的奶茶,,3,2,0,2025/1/8 20:31,,,,,,普通用户
5.12083E+15,P8JNxqs0N,5384715385,雨天躲进深山敲木鱼TOTO,//@漆季晕头转向-:我叫白云我叫黑土这是我老公这是我老母//@重生之没有橘子的奶茶:小崔说事,,,"漆季晕头转向-,重生之没有橘子的奶茶",,1,0,0,2025/1/9 8:48,Android,,,,,普通用户
5.12072E+15,P8H9n5pZw,6138513341,转生鼠鼠人,萌//@漆季晕头转向-:我叫白云我叫黑土这是我老公这是我老母//@重生之没有橘子的奶茶:小崔说事,,,"漆季晕头转向-,重生之没有橘子的奶茶",,0,0,0,2025/1/9 2:03,iPhone 15 Plus,,,,,普通用户
5.12127E+15,P8Vl6jmQH,7895021507,請回答2OO1,你俩倒是couple起来了,,,,,77,2,328,2025/1/10 14:11,,"https://wx2.sinaimg.cn/large/008CiHKzgy1hxfmv8uw1hj30w71evqes.jpg,https://wx1.sinaimg.cn/large/008CiHKzgy1hxfn8c7girj30be0gndn5.jpg",,,,
5.12128E+15,P8Vw69drj,5979675794,角立方,我叫白云我叫黑土～,,,,,0,0,328,2025/1/10 14:38,HarmonyOS设备,,,5.12127E+15,,普通用户
5.12175E+15,P97SqlnUx,3645344041,橙汁不分你了,这段太像说相声了！！！太萌了！！！！！L橙汁不分你了的微博视频,,,,,51,12,375,2025/1/11 22:06,微博视频号,,"http://f.video.weibocdn.com/o0/s7IAJkkQlx08l53aa97a010412002FuM0E010.mp4?label=mp4_720p&template=1276x720.25.0&ori=0&ps=1BVp4ysnknHVZu&Expires=1765430726&ssig=b42X9j3mS8&KID=unistore,video",,,
5.12176E+15,P9828uIP9,7727101449,_盐分成雨_,系呀系呀俩人抱着膝盖顶着镜头交替叭叭，仿佛下一秒就要说出我叫白云我叫黑土他是我老公她是我老母这样的话来…//@你也不必牵强再说爱俺:小猫小狗//@吉他感应:我吃了你俩//@柚苡子仁:我心中的行与就是这样的很熨帖的两只……,,,"你也不必牵强再说爱俺,吉他感应,柚苡子仁",,0,0,375,2025/1/11 22:30,微博轻享版,,,5.12175E+15,,普通用户
5.12158E+15,P93od1GUG,6006335024,看谁谁升咖,#周深张真源白云黑土#究竟是谁说他俩像白云黑土的啊啊啊！！明天他俩打开手机：天又塌了??只能说周深张真源在cos这件事上有一种无心插柳柳成荫的感觉，上一秒还因为宋雨琦和李晨的对话掉小珍珠，下一秒镜头一转，角落里缩在一起的周深和张真源一个揣手一个内八，就这么水灵灵的cos上了？估计俩人是觉得镜头没拍到就能舒舒服服的在小角落里坐着，但是没想到就连角落里也有人在意，截出来公开处刑，最搞笑的是就连羽绒服黑土和戴帽子白云都完美适配上了，再怎么努力抽象也打败不了张真源周深这种先天抽象圣体??一旦接受了这种设定，谁还记得这俩人在舞台上的样子，以后在看时团舞台和周深演唱会直接幻视白云高音黑土唱跳，怎么不算是一种宋丹丹赵本山下了春晚的再就业啊#8倍镜看奔跑吧##奔跑吧#,,,,"周深张真源 白云黑土,8倍镜看奔跑吧,奔跑吧",1513,1221,7018,2025/1/11 10:40,iPhone 14 Pro Max,,"http://f.video.weibocdn.com/o0/y0EkgB0Dlx08l4i0FrNC01041200ivKG0E010.mp4?label=mp4_720p&template=1280x720.25.0&ori=0&ps=1BVp4ysnknHVZu&Expires=1765430726&ssig=4JQbRKKS2Z&KID=unistore,video",,,
5.12161E+15,P946NyqNq,7787822548,甜杏泡茶,#周深张真源白云黑土#啊啊啊啊啊我叫白云我叫黑土我七十一我七十五啊啊啊啊记忆在攻击我了,,,,周深张真源 白云黑土,0,0,7018,2025/1/11 12:30,Android,,,5.12158E+15,,普通用户
5.12484E+15,PaqiBvIrV,7812850909,狂乱贵公子恭迎白夜叉阁下回宫,3305【想看】偶尔一龙宫篇，我叫白云我叫黑土这是我老公这是我老母（高柱的笑点和技术都很弱智果咩那塞）,,,,,5,5,81,2025/1/20 10:50,英雄在此Android,https://wx1.sinaimg.cn/large/008wJVqlgy1hxr1afttn8j31401hcdkw.jpg,,,,普通用户
5.1272E+15,PbpHDzc33,7506096334,檀檀覃tan,#檀健次小品记忆#jct#你好星期六拍立得#“打败你的不是天真是无“鞋”“我叫白云我叫黑土，我71，我75，我属鸡，我属虎，这是我老公，这是我老母”檀健次小品记忆太牛了吧！你还真是没少看呀！@MIC檀健次JC-TL檀檀覃tan的微博视频,,,MIC檀健次JC-T,"檀健次 小品记忆,你好星期六拍立得",3,116,83,2025/1/26 23:09,檀健次超话,,"http://f.video.weibocdn.com/u0/IGwTGwZpgx08lt2uewxy01041200sbJM0E010.mp4?label=mp4_720p&template=576x1280.24.0&ori=0&ps=1BVp4ysnknHVZu&Expires=1765430908&ssig=YL%2BVxToEG2&KID=unistore,video",,,红V
5.12706E+15,PblSyDYJE,7873129443,-壹苇杭之-,#檀健次一字不错背赵本山小品#我叫白云我叫黑土……哈哈哈哈檀健次怎么这个赛道也有你L小金毛妍的微博视频,,,,檀健次一字不错背赵本山小品,0,0,1,2025/1/26 13:25,檀健次超话,,"http://f.video.weibocdn.com/o0/WchZyQhTlx08lric1aMo01041200TpkG0E010.mp4?label=mp4_720p&template=720x1280.24.0&ori=0&ps=1BVp4ysnknHVZu&Expires=1765430908&ssig=rV9FbnpE5a&KID=unistore,video",,,普通用户
5.12753E+15,Pby3AduIi,1658016837,佐左,tg：“我没少看啊，哈哈哈哈”我叫白云我叫黑土，这是我老公这是我老母～想起长相思有个直播，主持人问小夭认错母亲那段，如果让他发弹幕会发什么？tg“来，妈妈在这儿”，哈哈哈哈，主持人说上网别什么都学～,,,,,1,7,81,2025/1/27 20:25,健饼果紫超话,,"http://f.video.weibocdn.com/o0/hAWOk2gXlx08lusxgnsc010412006FIv0E010.mp4?label=mp4_720p&template=720x1280.24.0&ori=0&ps=1BVp4ysnknHVZu&Expires=1765430922&ssig=w2GFv9IRg2&KID=unistore,video",,,普通用户
5.12772E+15,PbCZJr1pp,2100925373,京东手机通讯,蛇年看春晚，还得是vivo手机??新年换新机，还得是京东国补??关注@京东手机通讯，转赞评说说你印象最深刻的春晚节目，抽【春晚直播同款vivoX200】1台，这个新年，一起期待央视春晚新媒体直播技术合作伙伴vivo的精彩表现！#用国家补贴买手机就上京东##京东手机国补##vivox200春晚新媒体直播神器#O抽奖详情,,,京东手机通讯,"用国家补贴买手机就上京东,京东手机国补,vivo x200春晚新媒体直播神器",8975,5699,4384,2025/1/28 9:00,,https://wx3.sinaimg.cn/large/002ibgF7gy1hy0l3ggx9kj60u01hc18802.jpg,,,,
5.1279E+15,PbHL8DmsT,5769412646,王兔兔Wong,我叫白云我叫黑土,,,,,0,0,4384,2025/1/28 21:07,Redmi K40,,,5.12772E+15,,普通用户
5.12981E+15,PcvA0deAP,7811007994,芭逼狗,我叫白云我叫黑土我67我65,,,,,0,0,1,2025/2/3 3:57,iPhone客户端,https://wx3.sinaimg.cn/large/008wCbZUly1hy6w19anhmj30u00u041h.jpg,,,,普通用户
5.13193E+15,PdoECjRhN,6729852788,原来大家对彼此都不感兴趣啊,海蒂的求生欲呢，哪个女副播啊：“黄色的百合像灯一样”，哈哈哈哈哈哈，泡面头搭泡面盖啊，瞎盖巴脑，笑嘻了，你俩。喜欢搭一个的泡面头，偷看得到我微博偷看得到我朋友圈是吧，经常我说个啥都在那儿笑，我叫白云我叫黑土……,,,,,0,0,0,2025/2/9 0:10,荣耀X30i 5G,https://wx1.sinaimg.cn/large/007lrM8Igy1hydms7higij30u00q6dmd.jpg,,,,普通用户
5.13514E+15,PeKht6FGl,7873521379,ytdbutter,呃呃,,,,,35,0,5,2025/2/17 21:03,Hello Kitty的爱,"https://wx3.sinaimg.cn/large/008AQuAjly1hynwd7n6ymj30fq0o9q5q.jpg,https://wx4.sinaimg.cn/large/008AQuAjly1hynwd1mbhoj30en0nz76z.jpg",,,,
5.13515E+15,PeKv9aowf,7827991130,仓井猪,我叫白云我叫黑土//@sugabooooo:在养老院谈上的,,,sugabooooo,,0,0,5,2025/2/17 21:37,,,,5.13514E+15,,普通用户
5.13854E+15,PgavlwV3O,5678088002,模糊乡村别墅独立卫浴,1794【酪子】穿的啥,,,,,22,8,72,2025/2/27 5:39,,,,,,
5.13914E+15,Pgq5Lhdaa,6645993154,小熊菠萝德,我叫白云我叫黑土，我七十一我七十五，我属鸡我属虎，这是我老公这是我老母//@这与你的意志无关:Picturecomment评论配图,,,这与你的意志无关,,0,4,72,2025/2/28 21:20,窥谷忘反Android,,,5.13854E+15,,普通用户
5.14058E+15,Ph1IWb0Fm,7720231479,龚晓落,我叫白云我叫黑土我叫刘邦我七十一我七十五我六十一,,,,,0,0,0,2025/3/4 21:08,Redmi K40,"https://wx2.sinaimg.cn/large/008qtiSzgy1hz58rax2zgj31uo0u0107.jpg,https://wx2.sinaimg.cn/large/008qtiSzgy1hz58sde6vkj31uo0u0dpz.jpg,https://wx1.sinaimg.cn/large/008qtiSzgy1hz58sgf6nkj31uo0u0teu.jpg,https://wx4.sinaimg.cn/large/008qtiSzgy1hz58rbii4jj31uo0u0goy.jpg,https://wx3.sinaimg.cn/large/008qtiSzgy1hz58rcfzxsj31uo0u0gve.jpg,https://wx4.sinaimg.cn/large/008qtiSzgy1hz58rdjg2tj31uo0u0qc9.jpg,https://wx4.sinaimg.cn/large/008qtiSzgy1hz58rgdzddj31uo0u0ai3.jpg,https://wx4.sinaimg.cn/large/008qtiSzgy1hz58ri3sx7j31uo0u0wq5.jpg,https://wx3.sinaimg.cn/large/008qtiSzgy1hz58skbznuj31uo0u07bh.jpg",,,,普通用户
5.14534E+15,Pj1y7hQsb,7893651543,老公别怕我是bt,我叫白云我叫黑土我是他老公我是他老母,,,,,0,0,0,2025/3/18 0:22,iPhone客户端,"https://wx2.sinaimg.cn/large/008CcXmnly1hzkfgcsazrj32c0340u0y.jpg,https://wx3.sinaimg.cn/large/008CcXmnly1hzkfgeja7jj32c03407wi.jpg,https://wx2.sinaimg.cn/large/008CcXmnly1hzkfghh5r9j32c0340b2c.jpg,https://wx1.sinaimg.cn/large/008CcXmnly1hzkfgogccoj32c0340qv7.jpg,https://wx2.sinaimg.cn/large/008CcXmnly1hzkfgp6bczj30u00u0wh8.jpg",,,,普通用户
5.14818E+15,PkduDgb8u,2668353065,-小蛋饺-,有没有人把两口子百度百科剪在一起就剪成我叫白云我叫黑土我71我75这样婶儿的,,,,,0,0,1,2025/3/25 20:37,三星Galaxy S24 Ultra,,,,,普通用户
5.14822E+15,PkeizdYmb,5556433285,Doudouyanzj,下蛋公鸡公鸡中的战斗机,,,,,66,8,34,2025/3/25 22:40,,"https://wx3.sinaimg.cn/large/00642e7Hgy1hztlgdiq3jj30wi0t741n.jpg,https://wx1.sinaimg.cn/large/00642e7Hgy1hztlgdtz2ij30g409i3zy.jpg,https://wx4.sinaimg.cn/large/00642e7Hgy1hztlgd540bj30wi10iq5x.jpg",,,,
5.14848E+15,Pkl4xjAGr,7845448140,有股狗狗味,我叫白云我叫黑土他是我老公他是我老母//@原子一号键:哇塞塞//@汪嬷态:这个人就这样玩弄我的丑cp,,,"原子一号键,汪嬷态",,0,0,34,2025/3/26 15:55,iPhone客户端,,,5.14822E+15,,普通用户
5.15041E+15,Pl9u7Fli6,7714479170,老十芭蕉叶,见证了愚人节团建从我叫白云我叫黑土到大家一起包饺子的演变,,,,,0,0,4,2025/4/1 0:15,,,,,,普通用户
5.15366E+15,PmvVPooP4,6595728837,小小不雅之堂,有人说那是他的冷帽，有人说那是他的昂扬，李东笑而不语，只见他把帽子往上一掀，露出弧度接近完美的发际线，额头那锃亮的光芒顿时照亮了大地,,,,,3,6,40,2025/4/9 23:14,强势围观的iPhone 16,"https://wx1.sinaimg.cn/large/007cn0nbgy1i0ayl6jfqzj30it0n2dlj.jpg,https://wx3.sinaimg.cn/large/007cn0nbgy1i0ayl35di8j31ej1ej7ci.jpg,https://wx1.sinaimg.cn/large/007cn0nbgy1i0ayl2bndrj30f80b0q3p.jpg",,,,
5.15366E+15,PmvZldmUj,6563556756,非著名糊说糊话艺术家,我叫白云我叫黑土这是我老公这是我老母,,,,,0,0,40,2025/4/9 23:23,,,,5.15366E+15,,普通用户
5.15332E+15,PmnaOafaw,7887289038,路遇盐撒,我叫白云我叫黑土我71我75我属鸡我属虎这是我老公这是我老母,,,,,0,0,0,2025/4/9 0:56,iPhone客户端,https://wx3.sinaimg.cn/large/008BMgbkgy1i09w2x1jcjj30zu1qg1kx.jpg,,,,普通用户
5.16092E+15,PpyKCCTff,6504259252,Gimme20,我七十一我七十五我叫白云我叫黑土，他是我老公他是我老母,,,,,0,0,2,2025/4/29 23:56,??iPhone 16 Pro Max,https://wx1.sinaimg.cn/large/0076bcXily1i0y4bjgstbj30ys0u0ta1.jpg,,,,普通用户
5.16889E+15,PsU2jDo1h,7453285126,vinnnng-,我叫白云我叫黑土这是我老公这是我老母小伙儿长得比较帅呆了这是正宗的猪腰子脸,,,,,0,0,1,2025/5/21 23:38,iPhone 15 Pro Max,https://wx2.sinaimg.cn/large/0088pdWely1i1njgizvk5j30sg0sgjz7.jpg,,,,普通用户
5.17033E+15,PtvBziBeL,6640992728,奥利奥利aoliaoli,，，，，//@小熊菠萝德:我叫白云我叫黑土，我七十一我七十五，我是songbird他是老虎，这是我老公这是我老母,,,小熊菠萝德,,0,0,0,2025/5/25 23:16,OPPO Reno8 Pro 5G,,,,,普通用户
5.1703E+15,PtuRX9oN8,7242578105,请勿在棺材中燃放,wbxl//@小熊菠萝德:我叫白云我叫黑土，我七十一我七十五，我是songbird他是老虎，这是我老公这是我老母,,,小熊菠萝德,,0,0,0,2025/5/25 21:24,忘在里面的iPhone,,,,,普通用户
5.17027E+15,Ptu31heFT,6645993154,小熊菠萝德,我叫白云我叫黑土，我七十一我七十五，我是songbird他是老虎，这是我老公这是我老母,,,,,6,0,0,2025/5/25 19:18,窥谷忘反Android,,,,,普通用户
5.17054E+15,PtAZ43f8p,6842507746,capNoel,这是原版//@小熊菠萝德:我叫白云我叫黑土，我七十一我七十五，我是songbird他是老虎，这是我老公这是我老母,,,小熊菠萝德,,0,0,0,2025/5/26 12:58,OPPO Reno9 Pro 5G,,,,,普通用户
5.17036E+15,Ptwnm2EvY,7526029930,樊肃生,我笑得心脏不舒服//@小熊菠萝德:我叫白云我叫黑土，我七十一我七十五，我是songbird他是老虎，这是我老公这是我老母,,,小熊菠萝德,,0,0,0,2025/5/26 1:14,iPhone客户端,,,,,普通用户
5.17859E+15,PwYvXiJ39,7919537314,灵医问诊中心,【挂号】#阿呆阿瓜#,,,,阿呆阿瓜,9,1,69,2025/6/17 18:23,,"https://wx2.sinaimg.cn/large/008DXzqOgy1i2ii0v0rqgj30mj0oidgr.jpg,https://wx2.sinaimg.cn/large/008DXzqOgy1i2ii0um5v4j30iw0kf3z1.jpg",,,,
5.17861E+15,PwYSzpg2e,7222936889,豆汰郞的微博,好图????了//@煮狗豆乳:我叫白云我叫黑土我七十一我七十五查看图片,,,煮狗豆乳,,0,0,69,2025/6/17 19:19,iPhone客户端,,,5.17859E+15,,普通用户
5.17859E+15,PwYC6FPv6,6655453861,煮狗豆乳,我叫白云我叫黑土我七十一我七十五查看图片,,,,,1,4,69,2025/6/17 18:38,iPhone 15 Pro Max,,,5.17859E+15,,黄V
5.1743E+15,PvaY1nf2P,2328396023,攻鸡赛博嬷法,照顾好你老伴L爱薪掘骡的微博视频,,,,,61,4,29,2025/6/5 22:25,微博视频号,,"http://f.video.weibocdn.com/o0/24tgY0Avlx08oOlC9uic010412000EAN0E010.mp4?label=mp4_hd&template=454x886.24.0&ori=0&ps=1BVp4ysnknHVZu&Expires=1765432686&ssig=GpDfaTRjqP&KID=unistore,video",,,
5.17936E+15,PxiDpeaKW,1244477394,Ryonuna,啊啊啊啊啊我不行了//@Rubyinyourheart:我叫白云我叫黑土我七十一我七十五他是我老公她是我老母//@爱薪掘骡:再也不相信幕后照了查看图片,,,"Rubyinyourheart,爱薪掘骡",,0,0,29,2025/6/19 21:36,iPhone 16 Pro,,,5.1743E+15,,普通用户
5.17936E+15,PxiuGAI9p,7861270729,Rubyinyourheart,我叫白云我叫黑土我七十一我七十五他是我老公她是我老母//@爱薪掘骡:再也不相信幕后照了查看图片,,,爱薪掘骡,,2,0,29,2025/6/19 21:15,,,,5.1743E+15,,普通用户
5.18041E+15,PxJLeeWwe,6020096298,酷酷咩咩生物,看着源子说俺叫黑土这个是白云心里充满了赵本山说的我叫白云我叫黑土我71我75这是我老公这是我老母（嗯啊源子你也听赵本山？,,,,,0,0,5,2025/6/22 18:40,iPad air,,,,,普通用户
5.18406E+15,PzgRkwuUh,6456007766,水母蕾舍,呃呃这是我家唯美情侣吗,,,,,54,18,8,2025/7/2 20:46,爸比的臂弯,https://wx2.sinaimg.cn/large/0072UKxwgy1i2zyicoxkdj30so0sojun.jpg,,,,
5.18407E+15,Pzh1D3ZkA,7929365218,每个天菜,我叫白云我叫黑土我71我75//@果蔬种植基地勤奋园丁:刚斗地主输了//@蝴蝶狗z:老农民//@小猪殿:别这样//@就让我把你说的谎言留在昨天:我笑死了//@伊只喜欢你:偷了啥还回来//@昨天也想见到你:打完字狂笑三声//@昨天也想见到你:白云黑土,,,"果蔬种植基地勤奋园丁,蝴蝶狗z,小猪殿,就让我把你说的谎言留在昨天,伊只喜欢你,昨天也想见到你",,0,0,8,2025/7/2 21:11,iPhone客户端,,,5.18406E+15,,普通用户
5.18717E+15,PAzNJysyM,5621588427,霸天虎医官击倒,//@紫菜炖咸鱼:我叫白云我叫黑土我71我75,,,紫菜炖咸鱼,,0,0,769,2025/7/11 10:49,OPPO Reno4 SE 5G,,,5.06146E+15,,普通用户
5.19025E+15,PBRMgyQu2,5131308511,灵药布洛芬,“他是朱致新我是苏心好”“朱致新苏心好”有必要互相再介绍一遍吗！？？#朱志鑫是苏新皓全肯定#L灵药布洛芬的微博视频,,,,朱志鑫是苏新皓全肯定,225,37,1893,2025/7/19 22:26,朱苏超话,,"http://f.video.weibocdn.com/o0/W8Mjr6lwlx08pWwT2QBG01041200kiMM0E010.mp4?label=mp4_720p&template=1280x720.25.0&ori=0&ps=1BVp4ysnknHVZu&Expires=1765433063&ssig=6xd3KStX1s&KID=unistore,video",,,
5.19028E+15,PBSCcrY1O,6302039412,重生瑾瑜长安之我在大唐当女主控,我叫白云我叫黑土,,,,,0,0,1893,2025/7/20 0:33,iPhone客户端,,,5.19025E+15,,黄V
5.1908E+15,PC6cz0wUV,1691761292,叫兽易小星,劝别人不要焦虑，结果自己开始焦虑了。,,,,,26,190,719,2025/7/21 11:09,,https://wx3.sinaimg.cn/large/001Qusosly1i3lglmhgr1j60lk0o2ju402.jpg,,,,
5.19088E+15,PC89twK8w,7717465508,微甜带辣王铁梅,//@我叫白云我叫黑土:我想起那天夕阳下的奔跑//@头闻自嘀:多年以后你还是那个安静的美男子！,,,"我叫白云我叫黑土,头闻自嘀",,0,0,719,2025/7/21 16:07,HUAWEI Mate 60 Pro,,,5.1908E+15,,普通用户
5.19331E+15,PD9kWhaqJ,1234869145,赛车-行云,昨天赛前发车格上，有趣的一幕汉密尔顿打着伞，寻找他的站位，准备迎接开幕式。但定制的地台在雨天，显得很是拥挤，汉密尔顿一开始没找到自己的站位，又绕着地台转了回来。此时刚好遇到给SkyF1做节目的前队友罗斯博格，汉密尔顿把伞倾斜下来，挡住了自己脸#2025F1比利时大奖赛#L赛车-行云的微博视频,,,,2025F1比利时大奖赛,96,23,289,2025/7/28 8:58,微博视频号,,"http://f.video.weibocdn.com/o0/kg3m8DP0lx08q9ZqWtRu01041200c9ww0E010.mp4?label=mp4_720p&template=1222x720.25.0&ori=0&ps=1BVp4ysnknHVZu&Expires=1765433149&ssig=h7WcFicc%2F0&KID=unistore,video",,,
5.19351E+15,PDevtuC3y,5124462749,重禧,女同就是离婚快十年了还自动躲开对方的空气//@圣诞前夜_:完全女铜风味。最不忍看你背向我转面//@西西只有六元钱:笑得尖叫了，家产还是我最熟悉的风味，我叫白云我叫黑土这是我老公这是我老母,,,"圣诞前夜_,西西只有六元钱",,0,0,289,2025/7/28 22:08,iPhone 13 Pro Max,,,5.19331E+15,,普通用户
5.19339E+15,PDbCtedLL,5998154180,圣诞前夜_,完全女铜风味。最不忍看你背向我转面//@西西只有六元钱:笑得尖叫了，家产还是我最熟悉的风味，我叫白云我叫黑土这是我老公这是我老母,,,西西只有六元钱,,1,0,289,2025/7/28 14:47,iPad Air,,,5.19331E+15,,普通用户
5.19335E+15,PDap0yLQx,5462401112,西西只有六元钱,笑得尖叫了，家产还是我最熟悉的风味，我叫白云我叫黑土这是我老公这是我老母,,,,,2,0,289,2025/7/28 11:41,HUAWEI Mate 60 Pro,,,5.19331E+15,,普通用户
5.19821E+15,PFcTWam9f,6883346112,麦秋楸,起名就是我们家一场大型的烂梗比赛“可以叫他韩信，因为它老钻到我腿下，忍得了胯下之辱”“可以叫他本山，因为我叫白云我叫黑土的黑土是赵本山演的”“叫体育生黑皮体育生”“不行，那咋不叫中介和资本家”……导致小猫现在还没有名字,,,,,0,0,0,2025/8/10 21:43,OPPO Find X8s,"https://wx3.sinaimg.cn/large/007vPOLuly1i493335uktj32dc35snpe.jpg,https://wx4.sinaimg.cn/large/007vPOLuly1i49377j4ihj30u01t443g.jpg",,,,普通用户
5.20795E+15,Q3kM5acnu,6110681678,2025全球核武技术与战略动态解读,我叫白云我叫黑土,,,,,0,1,2,2025/9/6 18:38,,https://wx2.sinaimg.cn/large/006FxNrUgy1i545qai1d3j30ku112k6s.jpg,,,,普通用户
5.21547E+15,Q6urTmBVQ,6900884948,为什嬷不可以,每天就这样出现在对方眼里。,,,,,117,3,182,2025/9/27 12:47,昊昊送来的iPhone客户端,"https://wx4.sinaimg.cn/large/007x1ppWgy1i5s5kwyhloj316o1kwguk.jpg,https://wx3.sinaimg.cn/large/007x1ppWgy1i5s5kvimyaj31691kc48f.jpg",,,,
5.2155E+15,Q6v7jl3aZ,7622452176,泡菜土豆泥,//@能不能瘦到九十斤啊:我叫白云我叫黑土我71我75,,,能不能瘦到九十斤啊,,0,0,182,2025/9/27 14:29,iPhone,,,5.21547E+15,,普通用户
5.2153E+15,Q6pY0wITd,7848345812,湖边的黑色眼镜框,我叫白云我叫黑土我73我75,,,,,0,0,0,2025/9/27 1:22,iPhone客户端,https://wx1.sinaimg.cn/large/008z8RgMly1i5rlsi4j8sj30qo0xsae1.jpg,,,,普通用户
5.21703E+15,Q796MeOa8,3290016493,美颜滤镜粉碎机·真实很美好,CORTIS马丁MARTIN、赵雨凡JAMES、金主训JUHOON、严成玹SEONGHYEON、安乾镐KEONHO今日机场新闻图,,,,,142,867,7628,2025/10/1 20:18,,"https://wx2.sinaimg.cn/large/c419aaedgy1i5x52wzn4pj20i208m768.jpg,https://wx1.sinaimg.cn/large/c419aaedgy1i5x52ynl2hj20i20r345t.jpg,https://wx4.sinaimg.cn/large/c419aaedgy1i5x52xxvrfj20i20r3tf5.jpg,https://wx2.sinaimg.cn/large/c419aaedgy1i5x52y9d2kj20i20r3gro.jpg,https://wx4.sinaimg.cn/large/c419aaedgy1i5x52xacyxj20i20r30yt.jpg,https://wx3.sinaimg.cn/large/c419aaedgy1i5x52xmo8lj20i20r3wkj.jpg,https://wx2.sinaimg.cn/large/c419aaedgy1i5x52z000tj20i20r3q9p.jpg,https://wx4.sinaimg.cn/large/c419aaedgy1i5x52zbij7j20i20r3gsc.jpg,https://wx4.sinaimg.cn/large/c419aaedgy1i5x52zn01pj20xc0irq4w.jpg",,,,
5.21763E+15,Q7oEF2s08,5499979898,冰美式淡一点_,。这谁做的妆造。。我叫白云我叫黑土我七十一我七十五,,,,,0,0,7628,2025/10/3 11:52,,,,5.21703E+15,,黄V
5.22541E+15,QaF4nE76m,7984844104,奋斗小狗吹蜡烛,一模一样呀O网页链接L奋斗小狗吹蜡烛的微博视频,,,,,49,0,27,2025/10/24 23:11,微博视频号,,"http://f.video.weibocdn.com/o0/dNxIFKNPlx08srimx6iY010412005WME0E010.mp4?label=mp4_720p&template=720x1280.24.0&ori=0&ps=1BVp4ysnknHVZu&Expires=1765434251&ssig=OQ05sxI9sS&KID=unistore,video",,,
5.2256E+15,QaJQvy8Ax,7457019026,金民小强,韩国也有黑土了//@大吉岭财:我叫白云我叫黑土我71我75查看图片,,,大吉岭财,,0,2,27,2025/10/25 11:20,微博仅供参考,,,5.22541E+15,,普通用户
5.22855E+15,QbYL2aGHs,7815614743,就你们这样还能叫银魂吗,因为集数关系，灵魂互换篇动画组把漫画里很多标题都省略了来自14038稿主的分享,,,,,103,13,346,2025/11/2 15:08,,"https://wx4.sinaimg.cn/large/008wVwqjgy1i6xvz2m05nj30wz0ikn2v.jpg,https://wx4.sinaimg.cn/large/008wVwqjgy1i6xvz2hmvoj30po0zjdik.jpg",,,,
5.22889E+15,Qc7uPA1Mr,7916020746,日行一善敲木鱼中,对不起啊这真的好像我叫白云我叫黑土这是我老公这是我老母,,,,,2,0,346,2025/11/3 13:23,,,,5.22855E+15,,普通用户
5.22918E+15,QcfbQCyh0,7641147449,祈祷夏日失踪,停停停//@日行一善敲木鱼中:对不起啊这真的好像我叫白云我叫黑土这是我老公这是我老母,,,日行一善敲木鱼中,,0,0,346,2025/11/4 8:58,Android,,,5.22855E+15,,普通用户
5.23001E+15,QcAGHzVVC,5166277858,有事先敲门,把粉丝晾在一边两个每天抬头不见低头见的人互相挥手??????820sahisharkL有事先敲门的微博视频,,,,,240,0,602,2025/11/6 15:42,微博视频号,,"http://f.video.weibocdn.com/o0/cuQsMdnKlx08sLx3NPuw0104120095BJ0E010.mp4?label=mp4_720p&template=720x1280.24.0&ori=0&ps=1BVp4ysnknHVZu&Expires=1765434407&ssig=Hs8SKufq1d&KID=unistore,video",,,
5.23002E+15,QcAQbxgfc,5958133401,两点晕倒在家门口,我叫白云我叫黑土,,,,,0,0,602,2025/11/6 16:05,iPhone客户端,,,5.23001E+15,,普通用户
5.23028E+15,QcHEcDh54,7430672181,真是梦鸽,我叫白云我叫黑土,,,,,0,0,602,2025/11/7 9:25,HUAWEI Mate 60,,,5.23001E+15,,普通用户
5.23116E+15,Qd4vsEWWq,7958134908,今夜无正事,我叫白云我叫黑土这是我老公这是我老母,,,,,0,0,2,2025/11/9 19:37,iPhone 17 Pro,https://wx2.sinaimg.cn/large/008GzwqEgy1i76727sfb4j30u013z43s.jpg,,,,普通用户
5.233E+15,QdQtbB5KS,5229222703,不知道该说什么好鹅,我叫白云我叫黑土,,,,,0,2,0,2025/11/14 21:43,,https://wx1.sinaimg.cn/large/005HThHFgy1i7c2tdjd9lj30iv0dpt9p.jpg,,,,普通用户
5.23395E+15,QefeD5KNn,7387651215,Aurilune_,我笑得不行了//@日行一善敲木鱼中:对不起啊这真的好像我叫白云我叫黑土这是我老公这是我老母,,,日行一善敲木鱼中,,0,0,346,2025/11/17 12:46,iPhone客户端,,,5.22855E+15,,普通用户
5.23559E+15,QeVQ0k3FV,5209828648,泽葵-_-,我感觉我就是一个老式的人爱吃老式麻辣烫老式蛋糕看剧喜欢看老剧还喜欢看老春晚小品我叫白云我叫黑土我71我75我属鸡，我属虎，他是我老公她是我老母那场面那是相当壮观了锣鼓喧天鞭炮齐鸣，红旗招展，人山人海脑袋大不是粗，不是大款就伙夫秋波就是秋天的菠菜下蛋公鸡公鸡中的战斗机哦耶,,,,,0,0,0,2025/11/22 1:13,iPhone客户端,https://wx1.sinaimg.cn/large/005GzUqkly1i7kc7byvj9j30u01sy44f.jpg,,,,普通用户
5.23729E+15,QfE4445Gu,5370649710,第77禁区,没找到假舞者的两个笨蛋??????:你们怎么能这样骗我们呢??:不是很明显只有我们俩被骗了??:我们当时有点傻。??:在我们团我们被叫为pabo拉茶....??:我是pabo拉茶的领袖???♂????♂???:唉。??:这是我的下属+你俩还很骄傲的样子嘛L第77禁区的微博视频,,,,,93,3,269,2025/11/26 17:49,微博视频号,,"http://f.video.weibocdn.com/o0/TCGhgfKdlx08thztza3u010412004t080E010.mp4?label=mp4_720p&template=1248x720.25.0&ori=0&ps=1BVp4ysnknHVZu&Expires=1765434646&ssig=s2J9y%2FbWMD&KID=unistore,video",,,
5.23738E+15,QfGnE85Xz,7708595352,Yinggg_yuzu,我htfutvgjvjhbkjhou//@尖叫皱皱土豆:啊啊啊//@你的九妹掉了:我叫白云我叫黑土这是我老公这是我老母,,,"尖叫皱皱土豆,你的九妹掉了",,0,0,269,2025/11/26 23:42,iPhone客户端,,,5.23729E+15,,普通用户
5.23737E+15,QfGbhtNYc,7796411578,尖叫皱皱土豆,啊啊啊//@你的九妹掉了:我叫白云我叫黑土这是我老公这是我老母,,,你的九妹掉了,,1,0,269,2025/11/26 23:12,nova7你在焦点在,,,5.23729E+15,,普通用户
5.23735E+15,QfFxl2cvI,7342763354,社会成员kuku2n,我们骄傲的笨猪//@你的九妹掉了:我叫白云我叫黑土这是我老公这是我老母,,,你的九妹掉了,,0,0,269,2025/11/26 21:33,iPhone客户端,,,5.23729E+15,,普通用户
5.23733E+15,QfF8quTrb,7817312298,nauiana,//@你的九妹掉了:我叫白云我叫黑土这是我老公这是我老母,,,你的九妹掉了,,0,0,269,2025/11/26 20:32,三星Galaxy S23 Ultra,,,5.23729E+15,,普通用户
5.23732E+15,QfEXs3k7J,7294223221,专业爬墙专家,我被萌晕了//@你的九妹掉了:我叫白云我叫黑土这是我老公这是我老母,,,你的九妹掉了,,0,0,269,2025/11/26 20:05,iPhone 13,,,5.23729E+15,,普通用户
5.23731E+15,QfEwKlljl,7590113556,安硫剂,我服了//@你的九妹掉了:我叫白云我叫黑土这是我老公这是我老母,,,你的九妹掉了,,0,0,269,2025/11/26 18:59,荣耀X60,,,5.23729E+15,,普通用户
5.2373E+15,QfErL36lM,7404643368,困困猪给你一拳,这是我下属//@你的九妹掉了:我叫白云我叫黑土这是我老公这是我老母,,,你的九妹掉了,,0,0,269,2025/11/26 18:47,iPhone客户端,,,5.23729E+15,,普通用户
5.2373E+15,QfEohyIm4,7741835752,进击的kiwi小猪包,笑的我//@你的九妹掉了:我叫白云我叫黑土这是我老公这是我老母,,,你的九妹掉了,,0,0,269,2025/11/26 18:38,nova12系列出色蓝不住,,,5.23729E+15,,普通用户
5.2373E+15,QfEljumhs,5679246619,小面的牙牙乐,哎哟我//@你的九妹掉了:我叫白云我叫黑土这是我老公这是我老母,,,你的九妹掉了,,0,0,269,2025/11/26 18:31,鲜橙果汁铺Android,,,5.23729E+15,,黄V
5.2373E+15,QfEkUBHqN,5615585472,弗朗家的粗眉毛,笑得//@你的九妹掉了:我叫白云我叫黑土这是我老公这是我老母,,,你的九妹掉了,,0,0,269,2025/11/26 18:30,nova12系列出色蓝不住,,,5.23729E+15,,普通用户
5.23766E+15,QfNI3vzL9,7846050466,溜郁少盐,上的不是mama是春晚吧,,,,,85,8,16,2025/11/27 18:22,iPhone客户端,https://wx2.sinaimg.cn/large/008yZe94gy1i7qy24cwnfj30p40xiwil.jpg,,,,
5.23767E+15,QfO3j00Pf,5341126560,Puppyike_,赵四宋小宝//@酢乙女爱无代餐版:我叫白云我叫黑土//@ALLYY7-安渐浩:卧槽你吗我气哭了,,,"酢乙女爱无代餐版,ALLYY7-安渐浩",,0,0,16,2025/11/27 19:14,iPhone客户端,,,5.23766E+15,,普通用户
5.23767E+15,QfO1ykURe,6489718105,哇斯蛋零,继续阴//@酢乙女爱无代餐版:我叫白云我叫黑土//@ALLYY7-安渐浩:卧槽你吗我气哭了,,,"酢乙女爱无代餐版,ALLYY7-安渐浩",,0,0,16,2025/11/27 19:10,,,,5.23766E+15,,红V
5.23767E+15,QfO0XE5Nd,7886270481,酢乙女爱无代餐版,我叫白云我叫黑土//@ALLYY7-安渐浩:卧槽你吗我气哭了,,,ALLYY7-安渐浩,,3,0,16,2025/11/27 19:08,iPhone 15,,,5.23766E+15,,普通用户
5.23753E+15,QfKmyARzE,7305255446,貓咪和CP我都要,//@你的九妹掉了:我叫白云我叫黑土这是我老公这是我老母,,,你的九妹掉了,,0,0,269,2025/11/27 9:51,iPhone客户端,,,5.23729E+15,,普通用户
5.23741E+15,QfHhiv8rH,7402309444,在逃指针流浪中,我不行了//@你的九妹掉了:我叫白云我叫黑土这是我老公这是我老母,,,你的九妹掉了,,0,0,269,2025/11/27 1:59,,,,5.23729E+15,,普通用户
5.23741E+15,QfH9g1EgY,7623288834,夜刀神貂侠,笨得很有质感//@你的九妹掉了:我叫白云我叫黑土这是我老公这是我老母,,,你的九妹掉了,,0,0,269,2025/11/27 1:40,花花酱年糕HarmonyOS设备,,,5.23729E+15,,普通用户
5.2374E+15,QfH37vlzK,7854799099,子和fuyuki,//@你的九妹掉了:我叫白云我叫黑土这是我老公这是我老母,,,你的九妹掉了,,0,0,269,2025/11/27 1:24,微博网页版,,,5.23729E+15,,普通用户
5.23739E+15,QfGHPdKK7,6591822682,搞笑女和追星女能拥有爱情吗,//@你的九妹掉了:我叫白云我叫黑土这是我老公这是我老母,,,你的九妹掉了,,0,0,269,2025/11/27 0:32,HarmonyOS设备,,,5.23729E+15,,普通用户
5.23775E+15,QfQ9N3i6S,5686700928,Whiterain-H,把我丑哭了//@酢乙女爱无代餐版:我叫白云我叫黑土//@ALLYY7-安渐浩:卧槽你吗我气哭了,,,"酢乙女爱无代餐版,ALLYY7-安渐浩",,0,2,16,2025/11/28 0:36,iPhone客户端,,,5.23766E+15,,黄V
5.23843E+15,Qg7P6rJzb,5812639762,回笼觉教主初空仙菌,笑死我了哈哈哈哈哈哈哈哈哈哈哈哈//@你的九妹掉了:我叫白云我叫黑土这是我老公这是我老母,,,你的九妹掉了,,0,0,269,2025/11/29 21:34,三星S21 5G,,,5.23729E+15,,普通用户
5.23941E+15,QgxeFzpJs,2299303857,药药爱吃小饺子,松弛感拉满的pabo们//@你的九妹掉了:我叫白云我叫黑土这是我老公这是我老母,,,你的九妹掉了,,0,0,269,2025/12/2 14:16,OPPO Find X9 Pro,,,5.23729E+15,,普通用户
5.24098E+15,Qhcb128Fe,7283445209,Karenornot,依旧#我叫白云我叫黑土我七十一我七十五这是我老公这是我老母,,,,,0,2,3,2025/12/6 22:29,,https://wx2.sinaimg.cn/large/007WUAOJgy1i81js5tjrhj30ga0gdq4i.jpg,,,,普通用户
5.24133E+15,Qhlf44Ovf,7918264586,sendmethepillow,我叫白云我叫黑土/xouaezLsendmethepillow的微博视频,,,,,8,0,19,2025/12/7 21:34,?E的iPhone客户端,,"http://f.video.weibocdn.com/o0/JMrbLXZRlx08tzmTLSaI010412003cOD0E010.mp4?label=mp4_720p&template=960x720.25.0&ori=0&ps=1BVp4ysnknHVZu&Expires=1765434775&ssig=LN6sRfVRl8&KID=unistore,video",,,普通用户
5.24198E+15,QhCbkrBYU,2756869861,佛系尖叫鸡,#蓝盈莹演完黑土演白云#在蓝盈莹这里看到了演员的可塑性，生万物费银子像黑土一样的女孩到现在#风与潮#的白珍珠乔音婉，好强的角色塑造力,,,,"蓝盈莹演完黑土演白云,风与潮",143,108,193,2025/12/9 16:42,,"https://wx2.sinaimg.cn/large/a4527ee5ly1i84qku6uevj219c0xqqa7.jpg,https://wx3.sinaimg.cn/large/a4527ee5ly1i84qktz2uuj21hc0xawky.jpg,https://wx1.sinaimg.cn/large/a4527ee5ly1i84qkuf55oj21r60x17cn.jpg,https://wx4.sinaimg.cn/large/a4527ee5ly1i84qkuow01j20zo1g27gp.jpg,https://wx3.sinaimg.cn/large/a4527ee5ly1i84qkuyyy6j20yi1nvqgb.jpg,https://wx1.sinaimg.cn/large/a4527ee5ly1i84qkvh729j20yi1nz1ed.jpg",,,,
5.24199E+15,QhCkofX9G,2598210543,穿開襠褲泡帥哥,请问是那个“我叫白云我叫黑土”的白云吗,,,,,0,0,193,2025/12/9 17:04,小米手机,,,5.24198E+15,,黄V
5.2373E+15,QfEkBuRKa,1779811833,你的九妹掉了,我叫白云我叫黑土这是我老公这是我老母,,,,,18,0,269,2025/11/26 18:29,,,,5.23729E+15,,红V
